"BehaviorSpace results (NetLogo 6.3.0)"
"main.nlogo"
"experiment"
"01/25/2023 08:45:45:958 +0100"
"min-pxcor","max-pxcor","min-pycor","max-pycor"
"-16","16","-16","16"
"[run number]","1","2","3","4","5","6","7","8","9","10","11","12","13","14","15","16","17","18","19","20","21","22"
"professor-count","3","3","3","3","3","3","3","3","3","3","3","3","3","3","3","3","3","3","3","3","3","3"
"student-count","10","10","11","11","12","12","13","13","14","14","15","15","16","16","17","17","18","18","19","19","20","20"
"fire-count","1","2","1","2","1","2","1","2","1","2","1","2","1","2","1","2","1","2","1","2","1","2"
"fire-speed","5","5","5","5","5","5","5","5","5","5","5","5","5","5","5","5","5","5","5","5","5","5"
"[reporter]","(count students with [safe-student? = true] / student-count) * 100","(count students with [safe-student? = true] / student-count) * 100","(count students with [safe-student? = true] / student-count) * 100","(count students with [safe-student? = true] / student-count) * 100","(count students with [safe-student? = true] / student-count) * 100","(count students with [safe-student? = true] / student-count) * 100","(count students with [safe-student? = true] / student-count) * 100","(count students with [safe-student? = true] / student-count) * 100","(count students with [safe-student? = true] / student-count) * 100","(count students with [safe-student? = true] / student-count) * 100","(count students with [safe-student? = true] / student-count) * 100","(count students with [safe-student? = true] / student-count) * 100","(count students with [safe-student? = true] / student-count) * 100","(count students with [safe-student? = true] / student-count) * 100","(count students with [safe-student? = true] / student-count) * 100","(count students with [safe-student? = true] / student-count) * 100","(count students with [safe-student? = true] / student-count) * 100","(count students with [safe-student? = true] / student-count) * 100","(count students with [safe-student? = true] / student-count) * 100","(count students with [safe-student? = true] / student-count) * 100","(count students with [safe-student? = true] / student-count) * 100","(count students with [safe-student? = true] / student-count) * 100"
"[final]","90","50","81.81818181818183","81.81818181818183","83.33333333333334","91.66666666666666","92.3076923076923","76.92307692307693","57.14285714285714","92.85714285714286","93.33333333333333","93.33333333333333","75","93.75","82.35294117647058","94.11764705882352","77.77777777777779","88.88888888888889","89.47368421052632","89.47368421052632","95","95"
"[min]","0","0","0","0","0","0","0","0","0","0","0","0","0","0","0","0","0","0","0","0","0","0"
"[max]","90","50","81.81818181818183","81.81818181818183","83.33333333333334","91.66666666666666","92.3076923076923","76.92307692307693","57.14285714285714","92.85714285714286","93.33333333333333","93.33333333333333","75","93.75","82.35294117647058","94.11764705882352","77.77777777777779","88.88888888888889","89.47368421052632","89.47368421052632","95","95"
"[mean]","14.891774891774892","19.33862433862434","28.537805236834387","36.02472089314202","48.87729285262467","37.488129154795764","20.492550927333546","31.14316239316249","32.99043755433202","26.268969126111962","36.38483965014579","25.525982256020278","29.926658163265305","56.53470715835141","27.650928792569637","24.938492507269036","18.60465116279068","38.68464052287594","44.22336328626437","32.63157894736848","50.307328605200944","24.362139917695472"
"[steps]","230","377","308","455","526","350","252","431","492","272","342","262","391","460","303","262","257","407","491","319","422","242"

"[all run data]","(count students with [safe-student? = true] / student-count) * 100","(count students with [safe-student? = true] / student-count) * 100","(count students with [safe-student? = true] / student-count) * 100","(count students with [safe-student? = true] / student-count) * 100","(count students with [safe-student? = true] / student-count) * 100","(count students with [safe-student? = true] / student-count) * 100","(count students with [safe-student? = true] / student-count) * 100","(count students with [safe-student? = true] / student-count) * 100","(count students with [safe-student? = true] / student-count) * 100","(count students with [safe-student? = true] / student-count) * 100","(count students with [safe-student? = true] / student-count) * 100","(count students with [safe-student? = true] / student-count) * 100","(count students with [safe-student? = true] / student-count) * 100","(count students with [safe-student? = true] / student-count) * 100","(count students with [safe-student? = true] / student-count) * 100","(count students with [safe-student? = true] / student-count) * 100","(count students with [safe-student? = true] / student-count) * 100","(count students with [safe-student? = true] / student-count) * 100","(count students with [safe-student? = true] / student-count) * 100","(count students with [safe-student? = true] / student-count) * 100","(count students with [safe-student? = true] / student-count) * 100","(count students with [safe-student? = true] / student-count) * 100"
,"0","0","0","0","0","0","0","0","0","0","0","0","0","0","0","0","0","0","0","0","0","0"
,"0","0","0","0","0","0","0","0","0","0","0","0","0","0","0","0","0","0","0","0","0","0"
,"0","0","0","0","0","0","0","0","0","0","0","0","0","0","0","0","0","0","0","0","0","0"
,"0","0","0","0","0","0","0","0","0","0","0","0","0","0","0","0","0","0","0","0","0","0"
,"0","0","0","0","0","0","0","0","0","0","0","0","0","0","0","0","0","0","0","0","0","0"
,"0","0","0","0","0","0","0","0","0","0","0","0","0","0","0","0","0","0","0","0","0","0"
,"0","0","0","0","0","0","0","0","0","0","0","0","0","0","0","0","0","0","0","0","0","0"
,"0","0","0","0","0","0","0","0","0","0","0","0","0","0","0","0","0","0","0","0","0","0"
,"0","0","0","0","0","0","0","0","0","0","0","0","0","0","0","0","0","0","0","0","0","0"
,"0","0","0","0","0","0","0","0","0","0","0","0","0","0","0","0","0","0","0","0","0","0"
,"0","0","0","0","0","0","0","0","0","0","0","0","0","0","0","0","0","0","0","0","0","0"
,"0","0","0","0","0","0","0","0","0","0","0","0","0","0","0","0","0","0","0","0","0","0"
,"0","0","0","0","0","0","0","0","0","0","0","0","0","0","0","0","0","0","0","0","0","0"
,"0","0","0","0","0","0","0","0","0","0","0","0","0","0","0","0","0","0","0","0","0","0"
,"0","0","0","0","0","0","0","0","0","0","0","0","0","0","0","0","0","0","0","0","0","0"
,"0","0","0","0","0","0","0","0","0","0","0","0","0","0","0","0","0","0","0","0","0","0"
,"0","0","0","0","0","0","0","0","0","0","0","0","0","0","0","0","0","0","0","0","0","0"
,"0","0","0","0","0","0","0","0","0","0","0","0","0","0","0","0","0","0","0","0","0","0"
,"0","0","0","0","0","0","0","0","0","0","0","0","0","0","0","0","0","0","0","0","0","0"
,"0","0","0","0","0","0","0","0","0","0","0","0","0","0","0","0","0","0","0","0","0","0"
,"0","0","0","0","0","0","0","0","0","0","0","0","0","0","0","0","0","0","0","0","0","0"
,"0","0","0","0","0","0","0","0","0","0","0","0","0","0","0","0","0","0","0","0","0","0"
,"0","0","0","0","0","0","0","0","0","0","0","0","0","0","0","0","0","0","0","0","0","0"
,"0","0","0","0","0","0","0","0","0","0","0","0","0","0","0","0","0","0","0","0","0","0"
,"0","0","0","0","0","0","0","0","0","0","0","0","0","0","0","0","0","0","0","0","0","0"
,"0","0","0","0","0","0","0","0","0","0","0","0","0","0","0","0","0","0","0","0","0","0"
,"0","0","0","0","0","0","0","0","0","0","0","0","0","0","0","0","0","0","0","0","0","0"
,"0","0","0","0","0","0","0","0","0","0","0","0","0","0","0","0","0","0","0","0","0","0"
,"0","0","0","0","0","0","0","0","0","0","0","0","0","0","0","0","0","0","0","0","0","0"
,"0","0","0","0","0","0","0","0","0","0","0","0","0","0","0","0","0","0","0","0","0","0"
,"0","0","0","0","0","0","0","0","0","0","0","0","0","0","0","0","0","0","0","0","0","0"
,"0","0","0","0","0","0","0","0","0","0","0","0","0","0","0","0","0","0","0","0","0","0"
,"0","0","0","0","0","0","0","0","0","0","0","0","0","0","0","0","0","0","0","0","0","0"
,"0","0","0","0","0","0","0","0","0","0","0","0","0","0","0","0","0","0","0","0","0","0"
,"0","0","0","0","0","0","0","0","0","0","0","0","0","0","0","0","0","0","0","0","0","0"
,"0","0","0","0","0","0","0","0","0","0","0","0","0","0","0","0","0","0","0","0","0","0"
,"0","0","0","0","0","0","0","0","0","0","0","0","0","0","0","0","0","0","0","0","0","0"
,"0","0","0","0","0","0","0","0","0","0","0","0","0","0","0","0","0","0","0","0","0","0"
,"0","0","0","0","0","0","0","0","0","0","0","0","0","0","0","0","0","0","0","0","0","0"
,"0","0","0","0","0","0","0","0","0","0","0","0","0","0","0","0","0","0","0","0","0","0"
,"0","0","0","0","0","0","0","0","0","0","0","0","0","0","0","0","0","0","0","0","0","0"
,"0","0","0","0","0","0","0","0","0","0","0","0","0","0","0","0","0","0","0","0","0","0"
,"0","0","0","0","0","0","0","0","0","0","0","0","0","0","0","0","0","0","0","0","0","0"
,"0","0","0","0","0","0","0","0","0","0","0","0","0","0","0","0","0","0","0","0","0","0"
,"0","0","0","0","0","0","0","0","0","0","0","0","0","0","0","0","0","0","0","0","0","0"
,"0","0","0","0","0","0","0","0","0","0","0","0","0","0","0","0","0","0","0","0","0","0"
,"0","0","0","0","0","0","0","0","0","0","0","0","0","0","0","0","0","0","0","0","0","0"
,"0","0","0","0","0","0","0","0","0","0","0","0","0","0","0","0","0","0","0","0","0","0"
,"0","0","0","0","0","0","0","0","0","0","0","0","0","0","0","0","0","0","0","0","0","0"
,"0","0","0","0","0","0","0","0","0","0","0","0","0","0","0","0","0","0","0","0","0","0"
,"0","0","0","0","0","0","0","0","0","0","0","0","0","0","0","0","0","0","0","0","0","0"
,"0","0","0","0","0","0","0","0","0","0","0","0","0","0","0","0","0","0","0","0","0","0"
,"0","0","0","0","0","0","0","0","0","0","0","0","0","0","0","0","0","0","0","0","0","0"
,"0","0","0","0","0","0","0","0","0","0","0","0","0","0","0","0","0","0","0","0","0","0"
,"0","0","0","0","0","0","0","0","0","0","0","0","0","0","0","0","0","0","0","0","0","0"
,"0","0","0","0","0","0","0","0","0","0","0","0","0","0","0","0","0","0","0","0","0","0"
,"0","0","0","0","0","0","0","0","0","0","0","0","0","0","0","0","0","0","0","0","0","0"
,"0","0","0","0","0","0","0","0","0","0","0","0","0","0","0","0","0","0","0","0","0","0"
,"0","0","0","0","0","0","0","0","0","0","0","0","0","0","0","0","0","0","0","0","0","0"
,"0","0","0","0","0","0","0","0","0","0","0","0","0","0","0","0","0","0","0","0","0","0"
,"0","0","0","0","0","0","0","0","0","0","0","0","0","0","0","0","0","0","0","0","0","0"
,"0","0","0","0","0","0","0","0","0","0","0","0","0","0","0","0","0","0","0","0","0","0"
,"0","0","0","0","0","0","0","0","0","0","0","0","0","0","0","0","0","0","0","0","0","0"
,"0","0","0","0","0","0","0","0","0","0","0","0","0","0","0","0","0","0","0","0","0","0"
,"0","0","0","0","0","0","0","0","0","0","0","0","0","0","0","0","0","0","0","0","0","0"
,"0","0","0","0","0","0","0","0","0","0","0","0","0","0","0","0","0","0","0","0","0","0"
,"0","0","0","0","0","0","0","0","0","0","0","0","0","0","0","0","0","0","0","0","0","0"
,"0","0","0","0","0","0","0","0","0","0","0","0","0","0","0","0","0","0","0","0","0","0"
,"0","0","0","0","0","0","0","0","0","0","0","0","0","0","0","0","0","0","0","0","0","0"
,"0","0","0","0","0","0","0","0","0","0","0","0","0","0","0","0","0","0","0","0","0","0"
,"0","0","0","0","0","0","0","0","0","0","0","0","0","0","0","0","0","0","0","0","0","0"
,"0","0","0","0","0","0","0","0","0","0","0","0","0","0","0","0","0","0","0","0","0","0"
,"0","0","0","0","0","0","0","0","0","0","0","0","0","0","0","0","0","0","0","0","0","0"
,"0","0","0","0","0","0","0","0","0","0","0","0","0","0","0","0","0","0","0","0","0","0"
,"0","0","0","0","0","0","0","0","0","0","0","0","0","0","0","0","0","0","0","0","0","0"
,"0","0","0","0","0","0","0","0","0","0","0","0","0","0","0","0","0","0","0","0","0","0"
,"0","0","0","0","0","0","0","0","0","0","0","0","0","0","0","0","0","0","0","0","0","0"
,"0","0","0","0","0","0","0","0","0","0","0","0","0","0","0","0","0","0","0","0","0","0"
,"0","0","0","0","0","0","0","0","0","0","0","0","0","0","0","0","0","0","0","0","0","0"
,"0","0","0","0","0","0","0","0","0","0","0","0","0","0","0","0","0","0","0","0","0","0"
,"0","0","0","0","0","0","0","0","0","0","0","0","0","0","0","0","0","0","0","0","0","0"
,"0","0","0","0","0","0","0","0","0","0","0","0","0","0","0","0","0","0","0","0","0","0"
,"0","0","0","0","0","0","0","0","0","0","0","0","0","0","0","0","0","0","0","0","0","0"
,"0","0","0","0","0","0","0","0","0","0","0","0","0","0","0","0","0","0","0","0","0","0"
,"0","0","0","0","0","0","0","0","0","0","0","0","0","0","0","0","0","0","0","0","0","0"
,"0","0","0","0","0","0","0","0","0","0","0","0","0","0","0","0","0","0","0","0","0","0"
,"0","0","0","0","0","0","0","0","0","0","0","0","0","0","0","0","0","0","0","0","0","0"
,"0","0","0","0","0","0","0","0","0","0","0","0","0","0","0","0","0","0","0","0","0","0"
,"0","0","0","0","0","0","0","0","0","0","0","0","0","0","0","0","0","0","0","0","0","0"
,"0","0","0","0","0","0","0","0","0","0","0","0","0","0","0","0","0","0","0","0","0","0"
,"0","0","0","0","0","0","0","0","0","0","0","0","0","0","0","0","0","0","0","0","0","0"
,"0","0","0","0","0","0","0","0","0","0","0","0","0","0","0","0","0","0","0","0","0","0"
,"0","0","0","0","0","0","0","0","0","0","0","0","0","0","0","0","0","0","0","0","0","0"
,"0","0","0","0","0","0","0","0","0","0","0","0","0","0","0","0","0","0","0","0","0","0"
,"0","0","0","0","0","0","0","0","0","0","0","0","0","0","0","0","0","0","0","0","0","0"
,"0","0","0","0","0","0","0","0","0","0","0","0","0","0","0","0","0","0","0","0","0","0"
,"0","0","0","0","0","0","0","0","0","0","0","0","0","0","0","0","0","0","0","0","0","0"
,"0","0","0","0","0","0","0","0","0","0","0","0","0","0","0","0","0","0","0","0","0","0"
,"0","0","0","0","0","0","0","0","0","0","0","0","0","0","0","0","0","0","0","0","0","0"
,"0","0","0","0","0","0","0","0","0","0","0","0","0","0","0","0","0","0","0","0","0","0"
,"0","0","0","0","0","0","0","0","0","0","0","0","0","0","0","0","0","0","0","0","0","0"
,"0","0","0","0","0","0","0","0","0","0","0","0","0","0","0","0","0","0","0","0","0","0"
,"0","0","0","0","0","0","0","0","0","0","0","0","0","0","0","0","0","0","0","0","0","0"
,"0","0","0","0","0","0","0","0","0","0","0","0","0","0","0","0","0","0","0","0","0","0"
,"0","0","0","0","0","0","0","0","0","0","0","0","0","0","0","0","0","0","0","0","0","0"
,"0","0","0","0","0","0","0","0","0","0","0","0","0","0","0","0","0","0","0","0","0","0"
,"0","0","0","0","0","0","0","0","0","0","0","0","0","0","0","0","0","0","0","0","0","0"
,"0","0","0","0","0","0","0","0","0","0","0","0","0","0","0","0","0","0","0","0","0","0"
,"0","0","0","0","0","0","0","0","0","0","0","0","0","0","0","0","0","0","0","0","0","0"
,"0","0","0","0","0","0","0","0","0","0","0","0","0","0","0","0","0","0","0","0","0","0"
,"0","0","0","0","0","0","0","0","0","0","0","0","0","0","0","0","0","0","0","0","0","0"
,"0","0","0","0","0","0","0","0","0","0","0","0","0","0","0","0","0","0","0","0","0","0"
,"0","0","0","0","0","0","0","0","0","0","0","0","0","0","0","0","0","0","0","0","0","0"
,"0","0","0","0","0","0","0","0","0","0","0","0","0","0","0","0","0","0","0","0","0","0"
,"0","0","0","0","0","0","0","0","0","0","0","0","0","0","0","0","0","0","0","0","0","0"
,"0","0","0","0","0","0","0","0","0","0","0","0","0","0","0","0","0","0","0","0","0","0"
,"0","0","0","0","0","0","0","0","0","0","0","0","0","0","0","0","0","0","0","0","0","0"
,"0","0","0","0","0","0","0","0","0","0","0","0","0","0","0","0","0","0","0","0","0","0"
,"0","0","0","0","0","0","0","0","0","0","0","0","0","0","0","0","0","0","0","0","0","0"
,"0","0","0","0","0","0","0","0","0","0","0","0","0","0","0","0","0","0","0","0","0","0"
,"0","0","0","0","0","0","0","0","0","0","0","0","0","0","0","0","0","0","0","5.263157894736842","0","0"
,"0","0","0","0","0","0","0","0","0","0","0","0","0","0","0","0","0","0","0","5.263157894736842","0","0"
,"0","0","0","0","0","0","0","0","0","0","0","0","0","0","0","0","0","0","0","5.263157894736842","0","0"
,"0","0","0","0","0","0","0","0","0","0","0","0","0","0","0","0","0","0","0","5.263157894736842","0","0"
,"0","0","0","0","0","0","0","0","0","0","0","0","0","0","0","0","0","0","0","5.263157894736842","0","0"
,"0","0","0","0","0","0","0","0","0","0","0","0","0","0","0","0","0","0","0","5.263157894736842","0","0"
,"0","0","0","0","0","0","0","0","0","0","0","0","0","0","0","0","0","0","0","5.263157894736842","0","0"
,"0","0","0","0","0","0","0","0","0","0","0","0","0","0","0","0","0","0","0","5.263157894736842","0","0"
,"0","0","0","0","0","0","0","0","0","0","0","0","0","0","0","0","0","0","0","5.263157894736842","0","0"
,"0","0","0","0","0","0","0","0","0","0","0","0","0","0","0","0","0","0","0","5.263157894736842","0","0"
,"0","0","0","0","0","0","0","0","0","0","6.666666666666667","0","0","6.25","5.88235294117647","0","5.555555555555555","0","0","5.263157894736842","0","0"
,"0","0","0","0","0","0","0","0","0","7.142857142857142","13.333333333333334","0","0","6.25","5.88235294117647","5.88235294117647","5.555555555555555","0","5.263157894736842","10.526315789473683","5","0"
,"0","0","0","0","0","0","0","0","0","7.142857142857142","13.333333333333334","0","0","6.25","5.88235294117647","5.88235294117647","5.555555555555555","0","5.263157894736842","10.526315789473683","5","0"
,"0","0","0","0","0","0","0","0","0","7.142857142857142","13.333333333333334","0","0","6.25","5.88235294117647","5.88235294117647","5.555555555555555","0","5.263157894736842","10.526315789473683","5","0"
,"0","0","0","0","0","0","0","0","0","7.142857142857142","13.333333333333334","0","0","6.25","5.88235294117647","5.88235294117647","5.555555555555555","0","5.263157894736842","10.526315789473683","5","0"
,"0","0","0","0","0","0","0","0","0","7.142857142857142","13.333333333333334","0","0","6.25","5.88235294117647","5.88235294117647","5.555555555555555","0","5.263157894736842","10.526315789473683","5","0"
,"0","0","0","0","0","0","0","0","0","7.142857142857142","13.333333333333334","0","0","6.25","5.88235294117647","5.88235294117647","5.555555555555555","0","5.263157894736842","10.526315789473683","5","0"
,"0","0","0","0","0","0","0","0","0","7.142857142857142","20","0","0","12.5","5.88235294117647","5.88235294117647","5.555555555555555","0","5.263157894736842","10.526315789473683","5","0"
,"0","0","0","0","0","0","0","0","0","7.142857142857142","20","0","0","12.5","5.88235294117647","11.76470588235294","5.555555555555555","0","10.526315789473683","10.526315789473683","5","0"
,"0","0","0","0","0","0","0","0","0","7.142857142857142","20","0","0","12.5","5.88235294117647","11.76470588235294","5.555555555555555","0","10.526315789473683","10.526315789473683","5","0"
,"0","0","0","0","0","0","0","0","7.142857142857142","7.142857142857142","20","0","0","12.5","5.88235294117647","11.76470588235294","5.555555555555555","5.555555555555555","10.526315789473683","10.526315789473683","5","0"
,"0","0","0","0","0","0","0","0","7.142857142857142","7.142857142857142","20","0","0","12.5","5.88235294117647","11.76470588235294","11.11111111111111","5.555555555555555","10.526315789473683","10.526315789473683","5","5"
,"0","0","0","0","0","0","0","7.6923076923076925","7.142857142857142","7.142857142857142","20","0","0","12.5","5.88235294117647","11.76470588235294","11.11111111111111","5.555555555555555","10.526315789473683","10.526315789473683","5","10"
,"0","0","0","0","0","0","0","7.6923076923076925","7.142857142857142","7.142857142857142","20","0","0","12.5","5.88235294117647","11.76470588235294","11.11111111111111","5.555555555555555","10.526315789473683","10.526315789473683","5","10"
,"0","0","0","0","0","0","0","7.6923076923076925","7.142857142857142","7.142857142857142","20","0","0","12.5","5.88235294117647","11.76470588235294","11.11111111111111","5.555555555555555","10.526315789473683","10.526315789473683","5","10"
,"0","0","0","0","0","0","0","7.6923076923076925","7.142857142857142","7.142857142857142","20","0","0","12.5","5.88235294117647","11.76470588235294","11.11111111111111","5.555555555555555","10.526315789473683","10.526315789473683","5","10"
,"0","0","0","0","0","0","0","7.6923076923076925","7.142857142857142","7.142857142857142","20","0","0","12.5","5.88235294117647","11.76470588235294","11.11111111111111","5.555555555555555","10.526315789473683","10.526315789473683","5","10"
,"0","0","0","0","0","0","7.6923076923076925","7.6923076923076925","7.142857142857142","14.285714285714285","20","6.666666666666667","0","12.5","5.88235294117647","11.76470588235294","11.11111111111111","5.555555555555555","10.526315789473683","10.526315789473683","5","10"
,"10","0","0","0","0","0","23.076923076923077","7.6923076923076925","7.142857142857142","14.285714285714285","20","13.333333333333334","0","12.5","5.88235294117647","11.76470588235294","16.666666666666664","11.11111111111111","10.526315789473683","10.526315789473683","5","10"
,"10","0","0","0","0","0","23.076923076923077","7.6923076923076925","7.142857142857142","14.285714285714285","20","13.333333333333334","0","12.5","5.88235294117647","11.76470588235294","16.666666666666664","11.11111111111111","10.526315789473683","10.526315789473683","5","10"
,"10","0","0","0","0","0","23.076923076923077","7.6923076923076925","7.142857142857142","14.285714285714285","20","13.333333333333334","0","12.5","5.88235294117647","11.76470588235294","16.666666666666664","11.11111111111111","10.526315789473683","10.526315789473683","5","15"
,"10","0","0","0","0","0","23.076923076923077","7.6923076923076925","7.142857142857142","14.285714285714285","20","20","0","12.5","5.88235294117647","11.76470588235294","16.666666666666664","11.11111111111111","10.526315789473683","10.526315789473683","5","20"
,"10","0","0","0","0","0","23.076923076923077","7.6923076923076925","7.142857142857142","14.285714285714285","20","20","0","18.75","5.88235294117647","11.76470588235294","16.666666666666664","11.11111111111111","10.526315789473683","10.526315789473683","5","20"
,"10","0","0","0","0","0","23.076923076923077","7.6923076923076925","7.142857142857142","14.285714285714285","20","20","0","18.75","5.88235294117647","11.76470588235294","16.666666666666664","11.11111111111111","10.526315789473683","10.526315789473683","5","20"
,"10","0","0","0","0","0","23.076923076923077","7.6923076923076925","7.142857142857142","14.285714285714285","20","20","0","18.75","5.88235294117647","11.76470588235294","16.666666666666664","11.11111111111111","10.526315789473683","10.526315789473683","5","20"
,"10","10","0","0","0","0","23.076923076923077","7.6923076923076925","14.285714285714285","14.285714285714285","20","26.666666666666668","0","18.75","11.76470588235294","11.76470588235294","16.666666666666664","11.11111111111111","10.526315789473683","10.526315789473683","5","25"
,"10","10","0","0","0","0","23.076923076923077","7.6923076923076925","14.285714285714285","14.285714285714285","20","26.666666666666668","0","18.75","11.76470588235294","11.76470588235294","16.666666666666664","11.11111111111111","10.526315789473683","10.526315789473683","5","25"
,"10","10","0","0","0","0","23.076923076923077","7.6923076923076925","14.285714285714285","14.285714285714285","20","26.666666666666668","0","18.75","11.76470588235294","11.76470588235294","16.666666666666664","11.11111111111111","10.526315789473683","10.526315789473683","5","25"
,"10","10","0","0","0","0","23.076923076923077","15.384615384615385","14.285714285714285","14.285714285714285","20","26.666666666666668","0","18.75","11.76470588235294","11.76470588235294","16.666666666666664","16.666666666666664","10.526315789473683","10.526315789473683","10","25"
,"20","10","0","0","8.333333333333332","0","23.076923076923077","15.384615384615385","14.285714285714285","14.285714285714285","20","26.666666666666668","0","25","11.76470588235294","11.76470588235294","16.666666666666664","16.666666666666664","10.526315789473683","10.526315789473683","10","35"
,"20","10","0","0","8.333333333333332","0","23.076923076923077","15.384615384615385","21.428571428571427","14.285714285714285","20","26.666666666666668","0","31.25","11.76470588235294","11.76470588235294","16.666666666666664","16.666666666666664","10.526315789473683","10.526315789473683","20","35"
,"20","10","0","0","8.333333333333332","0","23.076923076923077","15.384615384615385","21.428571428571427","14.285714285714285","20","26.666666666666668","0","31.25","17.647058823529413","11.76470588235294","16.666666666666664","16.666666666666664","10.526315789473683","10.526315789473683","20","35"
,"20","10","0","0","8.333333333333332","0","23.076923076923077","15.384615384615385","21.428571428571427","14.285714285714285","20","26.666666666666668","0","31.25","17.647058823529413","11.76470588235294","16.666666666666664","16.666666666666664","10.526315789473683","10.526315789473683","20","35"
,"20","10","0","0","8.333333333333332","0","23.076923076923077","15.384615384615385","21.428571428571427","14.285714285714285","20","26.666666666666668","0","31.25","17.647058823529413","11.76470588235294","16.666666666666664","16.666666666666664","10.526315789473683","10.526315789473683","20","35"
,"20","10","0","0","8.333333333333332","0","23.076923076923077","15.384615384615385","21.428571428571427","14.285714285714285","20","26.666666666666668","0","31.25","17.647058823529413","11.76470588235294","16.666666666666664","16.666666666666664","10.526315789473683","10.526315789473683","20","35"
,"20","10","9.090909090909092","0","8.333333333333332","8.333333333333332","23.076923076923077","15.384615384615385","21.428571428571427","14.285714285714285","20","26.666666666666668","0","31.25","17.647058823529413","11.76470588235294","16.666666666666664","16.666666666666664","10.526315789473683","10.526315789473683","20","35"
,"20","10","9.090909090909092","0","8.333333333333332","8.333333333333332","23.076923076923077","15.384615384615385","21.428571428571427","14.285714285714285","20","26.666666666666668","0","31.25","17.647058823529413","11.76470588235294","16.666666666666664","16.666666666666664","10.526315789473683","10.526315789473683","20","35"
,"20","10","9.090909090909092","0","8.333333333333332","8.333333333333332","23.076923076923077","15.384615384615385","21.428571428571427","14.285714285714285","20","26.666666666666668","0","31.25","17.647058823529413","11.76470588235294","16.666666666666664","16.666666666666664","10.526315789473683","10.526315789473683","20","35"
,"20","10","9.090909090909092","0","8.333333333333332","8.333333333333332","23.076923076923077","15.384615384615385","21.428571428571427","21.428571428571427","20","26.666666666666668","6.25","37.5","17.647058823529413","17.647058823529413","16.666666666666664","16.666666666666664","10.526315789473683","10.526315789473683","20","35"
,"20","10","9.090909090909092","0","8.333333333333332","8.333333333333332","23.076923076923077","15.384615384615385","21.428571428571427","21.428571428571427","26.666666666666668","33.33333333333333","12.5","37.5","17.647058823529413","17.647058823529413","16.666666666666664","16.666666666666664","10.526315789473683","10.526315789473683","20","35"
,"20","10","18.181818181818183","9.090909090909092","8.333333333333332","16.666666666666664","23.076923076923077","15.384615384615385","21.428571428571427","28.57142857142857","26.666666666666668","33.33333333333333","12.5","37.5","17.647058823529413","17.647058823529413","16.666666666666664","16.666666666666664","10.526315789473683","15.789473684210526","25","35"
,"20","10","18.181818181818183","9.090909090909092","8.333333333333332","16.666666666666664","23.076923076923077","15.384615384615385","21.428571428571427","28.57142857142857","26.666666666666668","33.33333333333333","12.5","37.5","23.52941176470588","17.647058823529413","16.666666666666664","16.666666666666664","10.526315789473683","15.789473684210526","30","35"
,"20","10","18.181818181818183","9.090909090909092","8.333333333333332","16.666666666666664","23.076923076923077","15.384615384615385","21.428571428571427","28.57142857142857","26.666666666666668","33.33333333333333","12.5","37.5","23.52941176470588","23.52941176470588","16.666666666666664","16.666666666666664","10.526315789473683","15.789473684210526","35","35"
,"20","10","18.181818181818183","9.090909090909092","8.333333333333332","16.666666666666664","23.076923076923077","15.384615384615385","21.428571428571427","28.57142857142857","26.666666666666668","33.33333333333333","12.5","37.5","23.52941176470588","23.52941176470588","16.666666666666664","16.666666666666664","10.526315789473683","15.789473684210526","35","35"
,"20","10","18.181818181818183","9.090909090909092","16.666666666666664","16.666666666666664","23.076923076923077","15.384615384615385","21.428571428571427","28.57142857142857","26.666666666666668","33.33333333333333","12.5","43.75","23.52941176470588","23.52941176470588","16.666666666666664","16.666666666666664","10.526315789473683","15.789473684210526","35","35"
,"20","10","18.181818181818183","9.090909090909092","16.666666666666664","16.666666666666664","23.076923076923077","15.384615384615385","21.428571428571427","28.57142857142857","26.666666666666668","33.33333333333333","12.5","43.75","23.52941176470588","23.52941176470588","16.666666666666664","16.666666666666664","10.526315789473683","15.789473684210526","35","35"
,"20","10","18.181818181818183","9.090909090909092","16.666666666666664","16.666666666666664","23.076923076923077","15.384615384615385","21.428571428571427","28.57142857142857","26.666666666666668","33.33333333333333","12.5","43.75","23.52941176470588","23.52941176470588","16.666666666666664","16.666666666666664","10.526315789473683","15.789473684210526","35","35"
,"20","10","18.181818181818183","9.090909090909092","16.666666666666664","16.666666666666664","23.076923076923077","15.384615384615385","21.428571428571427","28.57142857142857","26.666666666666668","33.33333333333333","12.5","43.75","23.52941176470588","23.52941176470588","16.666666666666664","16.666666666666664","10.526315789473683","15.789473684210526","35","35"
,"20","10","18.181818181818183","9.090909090909092","16.666666666666664","16.666666666666664","23.076923076923077","15.384615384615385","28.57142857142857","28.57142857142857","26.666666666666668","33.33333333333333","12.5","43.75","35.294117647058826","29.411764705882355","16.666666666666664","22.22222222222222","21.052631578947366","26.31578947368421","40","45"
,"20","10","18.181818181818183","9.090909090909092","16.666666666666664","16.666666666666664","23.076923076923077","15.384615384615385","28.57142857142857","28.57142857142857","26.666666666666668","33.33333333333333","12.5","43.75","35.294117647058826","29.411764705882355","16.666666666666664","22.22222222222222","21.052631578947366","26.31578947368421","40","50"
,"20","10","18.181818181818183","9.090909090909092","25","16.666666666666664","23.076923076923077","15.384615384615385","28.57142857142857","28.57142857142857","26.666666666666668","40","12.5","43.75","35.294117647058826","35.294117647058826","22.22222222222222","22.22222222222222","21.052631578947366","26.31578947368421","40","55.00000000000001"
,"20","10","18.181818181818183","9.090909090909092","25","16.666666666666664","23.076923076923077","15.384615384615385","28.57142857142857","28.57142857142857","26.666666666666668","40","12.5","43.75","35.294117647058826","35.294117647058826","27.77777777777778","22.22222222222222","21.052631578947366","31.57894736842105","40","55.00000000000001"
,"20","10","18.181818181818183","9.090909090909092","25","25","23.076923076923077","15.384615384615385","28.57142857142857","28.57142857142857","26.666666666666668","40","12.5","43.75","35.294117647058826","35.294117647058826","27.77777777777778","22.22222222222222","21.052631578947366","31.57894736842105","45","55.00000000000001"
,"20","10","27.27272727272727","9.090909090909092","25","25","23.076923076923077","15.384615384615385","28.57142857142857","28.57142857142857","26.666666666666668","40","12.5","43.75","35.294117647058826","35.294117647058826","27.77777777777778","22.22222222222222","26.31578947368421","31.57894736842105","45","60"
,"20","10","27.27272727272727","9.090909090909092","25","25","23.076923076923077","15.384615384615385","28.57142857142857","28.57142857142857","26.666666666666668","40","12.5","43.75","41.17647058823529","35.294117647058826","27.77777777777778","22.22222222222222","26.31578947368421","31.57894736842105","45","65"
,"20","10","27.27272727272727","9.090909090909092","25","25","23.076923076923077","15.384615384615385","28.57142857142857","28.57142857142857","26.666666666666668","40","12.5","43.75","41.17647058823529","35.294117647058826","27.77777777777778","22.22222222222222","26.31578947368421","31.57894736842105","45","65"
,"20","10","27.27272727272727","9.090909090909092","25","25","23.076923076923077","15.384615384615385","28.57142857142857","28.57142857142857","26.666666666666668","40","12.5","43.75","41.17647058823529","35.294117647058826","27.77777777777778","22.22222222222222","26.31578947368421","31.57894736842105","45","65"
,"20","10","27.27272727272727","9.090909090909092","25","25","23.076923076923077","15.384615384615385","28.57142857142857","28.57142857142857","26.666666666666668","40","12.5","43.75","41.17647058823529","35.294117647058826","27.77777777777778","22.22222222222222","26.31578947368421","31.57894736842105","45","65"
,"20","10","36.36363636363637","9.090909090909092","33.33333333333333","33.33333333333333","23.076923076923077","15.384615384615385","28.57142857142857","35.714285714285715","33.33333333333333","40","18.75","50","41.17647058823529","41.17647058823529","27.77777777777778","22.22222222222222","26.31578947368421","31.57894736842105","45","70"
,"30","10","45.45454545454545","9.090909090909092","33.33333333333333","41.66666666666667","23.076923076923077","15.384615384615385","28.57142857142857","35.714285714285715","40","46.666666666666664","18.75","50","41.17647058823529","41.17647058823529","33.33333333333333","22.22222222222222","26.31578947368421","31.57894736842105","45","70"
,"30","10","45.45454545454545","9.090909090909092","33.33333333333333","41.66666666666667","23.076923076923077","15.384615384615385","28.57142857142857","35.714285714285715","40","46.666666666666664","18.75","50","41.17647058823529","47.05882352941176","33.33333333333333","22.22222222222222","26.31578947368421","31.57894736842105","45","70"
,"30","10","45.45454545454545","9.090909090909092","33.33333333333333","41.66666666666667","23.076923076923077","15.384615384615385","28.57142857142857","35.714285714285715","40","46.666666666666664","18.75","50","41.17647058823529","47.05882352941176","33.33333333333333","22.22222222222222","26.31578947368421","31.57894736842105","45","70"
,"30","10","45.45454545454545","9.090909090909092","33.33333333333333","41.66666666666667","23.076923076923077","23.076923076923077","28.57142857142857","35.714285714285715","40","46.666666666666664","18.75","50","41.17647058823529","52.94117647058824","33.33333333333333","22.22222222222222","26.31578947368421","31.57894736842105","45","70"
,"40","10","45.45454545454545","9.090909090909092","41.66666666666667","41.66666666666667","23.076923076923077","23.076923076923077","28.57142857142857","42.857142857142854","40","46.666666666666664","18.75","50","47.05882352941176","58.82352941176471","33.33333333333333","27.77777777777778","26.31578947368421","31.57894736842105","45","70"
,"40","10","45.45454545454545","9.090909090909092","41.66666666666667","41.66666666666667","23.076923076923077","30.76923076923077","28.57142857142857","42.857142857142854","40","46.666666666666664","18.75","50","47.05882352941176","58.82352941176471","33.33333333333333","27.77777777777778","26.31578947368421","36.84210526315789","50","75"
,"40","20","45.45454545454545","18.181818181818183","50","41.66666666666667","23.076923076923077","30.76923076923077","28.57142857142857","42.857142857142854","40","46.666666666666664","18.75","50","47.05882352941176","58.82352941176471","33.33333333333333","27.77777777777778","26.31578947368421","36.84210526315789","50","75"
,"40","20","45.45454545454545","18.181818181818183","50","41.66666666666667","23.076923076923077","30.76923076923077","28.57142857142857","42.857142857142854","40","46.666666666666664","18.75","50","47.05882352941176","64.70588235294117","33.33333333333333","33.33333333333333","26.31578947368421","36.84210526315789","50","75"
,"40","20","45.45454545454545","18.181818181818183","50","41.66666666666667","23.076923076923077","30.76923076923077","28.57142857142857","42.857142857142854","40","46.666666666666664","18.75","50","47.05882352941176","64.70588235294117","33.33333333333333","33.33333333333333","26.31578947368421","36.84210526315789","50","75"
,"50","20","45.45454545454545","18.181818181818183","50","50","38.46153846153847","30.76923076923077","35.714285714285715","42.857142857142854","40","46.666666666666664","25","56.25","47.05882352941176","64.70588235294117","38.88888888888889","33.33333333333333","36.84210526315789","42.10526315789473","55.00000000000001","75"
,"50","20","45.45454545454545","18.181818181818183","50","50","46.15384615384615","30.76923076923077","35.714285714285715","42.857142857142854","46.666666666666664","53.333333333333336","25","68.75","47.05882352941176","64.70588235294117","38.88888888888889","38.88888888888889","36.84210526315789","42.10526315789473","55.00000000000001","75"
,"50","20","45.45454545454545","18.181818181818183","50","50","46.15384615384615","30.76923076923077","35.714285714285715","42.857142857142854","46.666666666666664","53.333333333333336","25","68.75","47.05882352941176","64.70588235294117","38.88888888888889","38.88888888888889","36.84210526315789","42.10526315789473","55.00000000000001","75"
,"50","20","45.45454545454545","18.181818181818183","50","50","46.15384615384615","30.76923076923077","35.714285714285715","42.857142857142854","46.666666666666664","53.333333333333336","25","68.75","47.05882352941176","64.70588235294117","38.88888888888889","38.88888888888889","36.84210526315789","42.10526315789473","55.00000000000001","75"
,"50","20","45.45454545454545","18.181818181818183","50","50","46.15384615384615","30.76923076923077","35.714285714285715","42.857142857142854","46.666666666666664","53.333333333333336","25","68.75","47.05882352941176","64.70588235294117","38.88888888888889","38.88888888888889","36.84210526315789","42.10526315789473","55.00000000000001","75"
,"50","20","45.45454545454545","18.181818181818183","50","50","46.15384615384615","30.76923076923077","35.714285714285715","42.857142857142854","46.666666666666664","53.333333333333336","25","75","47.05882352941176","64.70588235294117","38.88888888888889","44.44444444444444","36.84210526315789","42.10526315789473","60","75"
,"50","20","45.45454545454545","18.181818181818183","50","50","46.15384615384615","30.76923076923077","35.714285714285715","42.857142857142854","46.666666666666664","53.333333333333336","25","75","47.05882352941176","64.70588235294117","38.88888888888889","44.44444444444444","36.84210526315789","42.10526315789473","60","75"
,"50","20","45.45454545454545","18.181818181818183","50","50","46.15384615384615","30.76923076923077","35.714285714285715","42.857142857142854","46.666666666666664","53.333333333333336","25","75","47.05882352941176","64.70588235294117","38.88888888888889","44.44444444444444","42.10526315789473","42.10526315789473","60","75"
,"60","30","45.45454545454545","18.181818181818183","50","50","46.15384615384615","30.76923076923077","35.714285714285715","50","46.666666666666664","53.333333333333336","25","75","47.05882352941176","64.70588235294117","38.88888888888889","50","42.10526315789473","42.10526315789473","60","75"
,"60","30","45.45454545454545","18.181818181818183","50","50","46.15384615384615","30.76923076923077","35.714285714285715","50","46.666666666666664","53.333333333333336","25","75","47.05882352941176","64.70588235294117","38.88888888888889","50","42.10526315789473","42.10526315789473","60","75"
,"70","30","54.54545454545454","18.181818181818183","50","50","53.84615384615385","30.76923076923077","35.714285714285715","57.14285714285714","53.333333333333336","73.33333333333333","25","75","47.05882352941176","64.70588235294117","38.88888888888889","50","47.368421052631575","47.368421052631575","60","75"
,"70","30","54.54545454545454","18.181818181818183","50","58.333333333333336","53.84615384615385","30.76923076923077","35.714285714285715","71.42857142857143","53.333333333333336","73.33333333333333","25","81.25","47.05882352941176","64.70588235294117","44.44444444444444","50","47.368421052631575","47.368421052631575","60","75"
,"70","30","54.54545454545454","18.181818181818183","50","58.333333333333336","53.84615384615385","30.76923076923077","35.714285714285715","71.42857142857143","53.333333333333336","73.33333333333333","25","81.25","47.05882352941176","64.70588235294117","44.44444444444444","50","47.368421052631575","47.368421052631575","60","75"
,"70","30","54.54545454545454","18.181818181818183","50","58.333333333333336","53.84615384615385","30.76923076923077","35.714285714285715","71.42857142857143","53.333333333333336","73.33333333333333","25","81.25","47.05882352941176","64.70588235294117","44.44444444444444","50","47.368421052631575","47.368421052631575","60","75"
,"70","30","54.54545454545454","18.181818181818183","58.333333333333336","58.333333333333336","53.84615384615385","30.76923076923077","35.714285714285715","71.42857142857143","53.333333333333336","80","25","81.25","47.05882352941176","64.70588235294117","44.44444444444444","50","47.368421052631575","47.368421052631575","60","75"
,"70","30","54.54545454545454","18.181818181818183","58.333333333333336","58.333333333333336","53.84615384615385","30.76923076923077","35.714285714285715","71.42857142857143","60","80","25","81.25","47.05882352941176","64.70588235294117","44.44444444444444","55.55555555555556","47.368421052631575","47.368421052631575","60","75"
,"70","30","54.54545454545454","18.181818181818183","58.333333333333336","58.333333333333336","61.53846153846154","30.76923076923077","35.714285714285715","71.42857142857143","60","80","25","81.25","47.05882352941176","64.70588235294117","44.44444444444444","55.55555555555556","47.368421052631575","47.368421052631575","60","75"
,"70","30","54.54545454545454","18.181818181818183","58.333333333333336","66.66666666666666","61.53846153846154","30.76923076923077","35.714285714285715","71.42857142857143","60","80","25","81.25","47.05882352941176","64.70588235294117","50","55.55555555555556","47.368421052631575","47.368421052631575","60","75"
,"80","30","54.54545454545454","18.181818181818183","58.333333333333336","66.66666666666666","61.53846153846154","30.76923076923077","35.714285714285715","71.42857142857143","60","80","31.25","81.25","47.05882352941176","64.70588235294117","50","61.111111111111114","47.368421052631575","47.368421052631575","60","75"
,"80","30","54.54545454545454","18.181818181818183","58.333333333333336","66.66666666666666","61.53846153846154","30.76923076923077","35.714285714285715","71.42857142857143","60","80","31.25","81.25","47.05882352941176","64.70588235294117","50","61.111111111111114","47.368421052631575","47.368421052631575","60","75"
,"90","30","54.54545454545454","18.181818181818183","58.333333333333336","66.66666666666666","61.53846153846154","30.76923076923077","35.714285714285715","71.42857142857143","60","80","31.25","81.25","47.05882352941176","76.47058823529412","50","61.111111111111114","47.368421052631575","52.63157894736842","60","80"
,"90","30","54.54545454545454","18.181818181818183","58.333333333333336","66.66666666666666","61.53846153846154","30.76923076923077","35.714285714285715","71.42857142857143","60","80","31.25","81.25","47.05882352941176","76.47058823529412","50","61.111111111111114","47.368421052631575","52.63157894736842","60","80"
,"90","30","54.54545454545454","18.181818181818183","58.333333333333336","66.66666666666666","61.53846153846154","30.76923076923077","35.714285714285715","71.42857142857143","60","80","37.5","81.25","52.94117647058824","76.47058823529412","55.55555555555556","61.111111111111114","47.368421052631575","52.63157894736842","60","80"
,"90","30","54.54545454545454","18.181818181818183","58.333333333333336","66.66666666666666","61.53846153846154","30.76923076923077","35.714285714285715","71.42857142857143","60","80","43.75","81.25","52.94117647058824","76.47058823529412","55.55555555555556","61.111111111111114","52.63157894736842","52.63157894736842","60","85"
,"90","30","63.63636363636363","18.181818181818183","58.333333333333336","66.66666666666666","69.23076923076923","30.76923076923077","35.714285714285715","71.42857142857143","60","80","43.75","81.25","58.82352941176471","76.47058823529412","55.55555555555556","61.111111111111114","52.63157894736842","52.63157894736842","60","85"
,"90","30","63.63636363636363","18.181818181818183","58.333333333333336","66.66666666666666","76.92307692307693","30.76923076923077","35.714285714285715","78.57142857142857","60","80","43.75","81.25","58.82352941176471","76.47058823529412","55.55555555555556","61.111111111111114","52.63157894736842","52.63157894736842","60","85"
,"90","30","63.63636363636363","18.181818181818183","58.333333333333336","75","84.61538461538461","30.76923076923077","35.714285714285715","78.57142857142857","60","80","43.75","81.25","58.82352941176471","76.47058823529412","55.55555555555556","61.111111111111114","52.63157894736842","52.63157894736842","60","85"
,"90","30","63.63636363636363","27.27272727272727","58.333333333333336","83.33333333333334","84.61538461538461","30.76923076923077","42.857142857142854","78.57142857142857","60","80","43.75","81.25","58.82352941176471","76.47058823529412","55.55555555555556","61.111111111111114","52.63157894736842","52.63157894736842","60","85"
,"90","40","63.63636363636363","36.36363636363637","66.66666666666666","83.33333333333334","84.61538461538461","30.76923076923077","42.857142857142854","78.57142857142857","60","80","43.75","87.5","58.82352941176471","76.47058823529412","55.55555555555556","61.111111111111114","52.63157894736842","52.63157894736842","65","85"
,"90","40","63.63636363636363","36.36363636363637","66.66666666666666","83.33333333333334","84.61538461538461","30.76923076923077","42.857142857142854","78.57142857142857","60","80","43.75","87.5","58.82352941176471","76.47058823529412","55.55555555555556","61.111111111111114","52.63157894736842","52.63157894736842","65","85"
,"90","40","63.63636363636363","36.36363636363637","66.66666666666666","83.33333333333334","84.61538461538461","30.76923076923077","42.857142857142854","78.57142857142857","60","80","43.75","87.5","58.82352941176471","76.47058823529412","61.111111111111114","61.111111111111114","63.1578947368421","57.89473684210527","70","85"
,"90","40","63.63636363636363","36.36363636363637","66.66666666666666","83.33333333333334","84.61538461538461","30.76923076923077","42.857142857142854","78.57142857142857","60","80","43.75","87.5","58.82352941176471","76.47058823529412","61.111111111111114","61.111111111111114","63.1578947368421","57.89473684210527","70","85"
,"90","40","63.63636363636363","36.36363636363637","66.66666666666666","83.33333333333334","84.61538461538461","38.46153846153847","42.857142857142854","85.71428571428571","60","80","50","87.5","58.82352941176471","76.47058823529412","66.66666666666666","61.111111111111114","63.1578947368421","63.1578947368421","70","85"
,,"40","63.63636363636363","45.45454545454545","66.66666666666666","83.33333333333334","84.61538461538461","46.15384615384615","50","85.71428571428571","66.66666666666666","80","50","87.5","58.82352941176471","76.47058823529412","72.22222222222221","61.111111111111114","63.1578947368421","63.1578947368421","70","85"
,,"40","63.63636363636363","45.45454545454545","66.66666666666666","83.33333333333334","84.61538461538461","46.15384615384615","50","85.71428571428571","66.66666666666666","80","50","87.5","58.82352941176471","76.47058823529412","72.22222222222221","61.111111111111114","63.1578947368421","63.1578947368421","70","85"
,,"40","63.63636363636363","45.45454545454545","66.66666666666666","83.33333333333334","92.3076923076923","46.15384615384615","50","85.71428571428571","66.66666666666666","80","50","87.5","58.82352941176471","76.47058823529412","72.22222222222221","61.111111111111114","63.1578947368421","63.1578947368421","75","90"
,,"40","63.63636363636363","45.45454545454545","66.66666666666666","83.33333333333334","92.3076923076923","46.15384615384615","50","85.71428571428571","66.66666666666666","80","50","87.5","58.82352941176471","76.47058823529412","72.22222222222221","61.111111111111114","63.1578947368421","63.1578947368421","75","90"
,,"40","63.63636363636363","45.45454545454545","66.66666666666666","83.33333333333334","92.3076923076923","46.15384615384615","50","85.71428571428571","66.66666666666666","80","50","87.5","58.82352941176471","76.47058823529412","72.22222222222221","61.111111111111114","63.1578947368421","68.42105263157895","75","90"
,,"40","63.63636363636363","45.45454545454545","66.66666666666666","83.33333333333334","92.3076923076923","46.15384615384615","50","85.71428571428571","66.66666666666666","80","50","87.5","58.82352941176471","76.47058823529412","72.22222222222221","61.111111111111114","63.1578947368421","68.42105263157895","75","90"
,,"40","63.63636363636363","45.45454545454545","66.66666666666666","83.33333333333334","92.3076923076923","46.15384615384615","50","85.71428571428571","66.66666666666666","80","50","87.5","58.82352941176471","76.47058823529412","72.22222222222221","61.111111111111114","63.1578947368421","68.42105263157895","75","90"
,,"40","63.63636363636363","45.45454545454545","66.66666666666666","83.33333333333334","92.3076923076923","46.15384615384615","50","85.71428571428571","66.66666666666666","80","50","87.5","58.82352941176471","82.35294117647058","72.22222222222221","66.66666666666666","68.42105263157895","68.42105263157895","75","90"
,,"40","63.63636363636363","45.45454545454545","66.66666666666666","83.33333333333334","92.3076923076923","46.15384615384615","50","85.71428571428571","66.66666666666666","80","50","87.5","58.82352941176471","82.35294117647058","72.22222222222221","66.66666666666666","68.42105263157895","68.42105263157895","75","90"
,,"40","63.63636363636363","45.45454545454545","66.66666666666666","83.33333333333334","92.3076923076923","53.84615384615385","50","85.71428571428571","66.66666666666666","80","50","87.5","58.82352941176471","82.35294117647058","72.22222222222221","72.22222222222221","68.42105263157895","73.68421052631578","75","95"
,,"40","63.63636363636363","45.45454545454545","66.66666666666666","83.33333333333334","92.3076923076923","53.84615384615385","50","85.71428571428571","66.66666666666666","80","56.25","87.5","58.82352941176471","82.35294117647058","72.22222222222221","72.22222222222221","68.42105263157895","78.94736842105263","75","95"
,,"40","63.63636363636363","45.45454545454545","66.66666666666666","83.33333333333334","92.3076923076923","53.84615384615385","50","85.71428571428571","66.66666666666666","80","56.25","87.5","58.82352941176471","82.35294117647058","72.22222222222221","72.22222222222221","68.42105263157895","78.94736842105263","75","95"
,,"40","81.81818181818183","45.45454545454545","66.66666666666666","83.33333333333334","92.3076923076923","53.84615384615385","50","85.71428571428571","66.66666666666666","80","56.25","93.75","64.70588235294117","88.23529411764706","72.22222222222221","72.22222222222221","68.42105263157895","78.94736842105263","85",
,,"40","81.81818181818183","45.45454545454545","66.66666666666666","83.33333333333334","92.3076923076923","53.84615384615385","50","85.71428571428571","66.66666666666666","80","56.25","93.75","64.70588235294117","88.23529411764706","72.22222222222221","72.22222222222221","68.42105263157895","78.94736842105263","85",
,,"40","81.81818181818183","45.45454545454545","66.66666666666666","83.33333333333334","92.3076923076923","53.84615384615385","50","85.71428571428571","66.66666666666666","80","56.25","93.75","64.70588235294117","88.23529411764706","72.22222222222221","72.22222222222221","68.42105263157895","78.94736842105263","85",
,,"40","81.81818181818183","45.45454545454545","66.66666666666666","83.33333333333334","92.3076923076923","53.84615384615385","50","85.71428571428571","66.66666666666666","80","56.25","93.75","64.70588235294117","88.23529411764706","72.22222222222221","72.22222222222221","68.42105263157895","78.94736842105263","85",
,,"40","81.81818181818183","45.45454545454545","66.66666666666666","83.33333333333334","92.3076923076923","53.84615384615385","50","85.71428571428571","66.66666666666666","80","56.25","93.75","64.70588235294117","88.23529411764706","72.22222222222221","72.22222222222221","68.42105263157895","78.94736842105263","85",
,,"40","81.81818181818183","45.45454545454545","66.66666666666666","83.33333333333334","92.3076923076923","53.84615384615385","50","85.71428571428571","73.33333333333333","86.66666666666667","56.25","93.75","64.70588235294117","88.23529411764706","77.77777777777779","72.22222222222221","68.42105263157895","84.21052631578947","85",
,,"40","81.81818181818183","45.45454545454545","66.66666666666666","83.33333333333334","92.3076923076923","53.84615384615385","50","85.71428571428571","73.33333333333333","86.66666666666667","56.25","93.75","64.70588235294117","88.23529411764706","77.77777777777779","72.22222222222221","68.42105263157895","84.21052631578947","85",
,,"40","81.81818181818183","54.54545454545454","75","83.33333333333334","92.3076923076923","53.84615384615385","50","85.71428571428571","73.33333333333333","86.66666666666667","62.5","93.75","64.70588235294117","94.11764705882352","77.77777777777779","72.22222222222221","73.68421052631578","84.21052631578947","85",
,,"40","81.81818181818183","54.54545454545454","75","83.33333333333334","92.3076923076923","53.84615384615385","50","85.71428571428571","73.33333333333333","86.66666666666667","62.5","93.75","64.70588235294117","94.11764705882352","77.77777777777779","72.22222222222221","73.68421052631578","84.21052631578947","85",
,,"40","81.81818181818183","54.54545454545454","75","83.33333333333334","92.3076923076923","53.84615384615385","50","85.71428571428571","73.33333333333333","86.66666666666667","62.5","93.75","64.70588235294117","94.11764705882352","77.77777777777779","72.22222222222221","73.68421052631578","84.21052631578947","85",
,,"40","81.81818181818183","54.54545454545454","75","83.33333333333334",,"53.84615384615385","50","85.71428571428571","73.33333333333333","93.33333333333333","62.5","93.75","64.70588235294117","94.11764705882352","77.77777777777779","72.22222222222221","73.68421052631578","84.21052631578947","85",
,,"40","81.81818181818183","54.54545454545454","75","83.33333333333334",,"53.84615384615385","50","85.71428571428571","73.33333333333333","93.33333333333333","62.5","93.75","70.58823529411765","94.11764705882352","77.77777777777779","72.22222222222221","73.68421052631578","84.21052631578947","85",
,,"40","81.81818181818183","54.54545454545454","75","83.33333333333334",,"53.84615384615385","50","85.71428571428571","73.33333333333333","93.33333333333333","62.5","93.75","70.58823529411765","94.11764705882352","77.77777777777779","72.22222222222221","73.68421052631578","84.21052631578947","85",
,,"40","81.81818181818183","54.54545454545454","75","83.33333333333334",,"53.84615384615385","50","85.71428571428571","73.33333333333333","93.33333333333333","62.5","93.75","70.58823529411765","94.11764705882352","77.77777777777779","72.22222222222221","73.68421052631578","84.21052631578947","85",
,,"40","81.81818181818183","54.54545454545454","75","83.33333333333334",,"53.84615384615385","50","85.71428571428571","73.33333333333333","93.33333333333333","62.5","93.75","70.58823529411765","94.11764705882352","77.77777777777779","72.22222222222221","73.68421052631578","84.21052631578947","85",
,,"40","81.81818181818183","54.54545454545454","75","83.33333333333334",,"53.84615384615385","50","85.71428571428571","73.33333333333333","93.33333333333333","62.5","93.75","70.58823529411765","94.11764705882352",,"72.22222222222221","73.68421052631578","89.47368421052632","90",
,,"40","81.81818181818183","54.54545454545454","75","83.33333333333334",,"53.84615384615385","50","85.71428571428571","73.33333333333333","93.33333333333333","62.5","93.75","70.58823529411765","94.11764705882352",,"72.22222222222221","73.68421052631578","89.47368421052632","90",
,,"40","81.81818181818183","54.54545454545454","75","83.33333333333334",,"53.84615384615385","50","85.71428571428571","73.33333333333333","93.33333333333333","62.5","93.75","70.58823529411765","94.11764705882352",,"72.22222222222221","73.68421052631578","89.47368421052632","90",
,,"40","81.81818181818183","54.54545454545454","75","83.33333333333334",,"53.84615384615385","50","85.71428571428571","73.33333333333333","93.33333333333333","62.5","93.75","70.58823529411765","94.11764705882352",,"72.22222222222221","73.68421052631578","89.47368421052632","90",
,,"40","81.81818181818183","54.54545454545454","75","83.33333333333334",,"53.84615384615385","50","85.71428571428571","73.33333333333333","93.33333333333333","62.5","93.75","70.58823529411765","94.11764705882352",,"72.22222222222221","73.68421052631578","89.47368421052632","90",
,,"40","81.81818181818183","54.54545454545454","75","83.33333333333334",,"53.84615384615385","50","92.85714285714286","73.33333333333333",,"62.5","93.75","70.58823529411765",,,"72.22222222222221","73.68421052631578","89.47368421052632","90",
,,"40","81.81818181818183","54.54545454545454","75","83.33333333333334",,"53.84615384615385","50","92.85714285714286","73.33333333333333",,"62.5","93.75","76.47058823529412",,,"72.22222222222221","73.68421052631578","89.47368421052632","90",
,,"40","81.81818181818183","54.54545454545454","75","83.33333333333334",,"53.84615384615385","50","92.85714285714286","73.33333333333333",,"62.5","93.75","76.47058823529412",,,"72.22222222222221","73.68421052631578","89.47368421052632","90",
,,"40","81.81818181818183","54.54545454545454","75","83.33333333333334",,"53.84615384615385","50","92.85714285714286","73.33333333333333",,"62.5","93.75","76.47058823529412",,,"72.22222222222221","73.68421052631578","89.47368421052632","90",
,,"40","81.81818181818183","54.54545454545454","75","83.33333333333334",,"53.84615384615385","50","92.85714285714286","73.33333333333333",,"62.5","93.75","76.47058823529412",,,"72.22222222222221","73.68421052631578","89.47368421052632","90",
,,"40","81.81818181818183","54.54545454545454","75","83.33333333333334",,"53.84615384615385","50","92.85714285714286","73.33333333333333",,"62.5","93.75","76.47058823529412",,,"72.22222222222221","73.68421052631578","89.47368421052632","90",
,,"40","81.81818181818183","54.54545454545454","75","83.33333333333334",,"53.84615384615385","50","92.85714285714286","73.33333333333333",,"62.5","93.75","76.47058823529412",,,"72.22222222222221","73.68421052631578","89.47368421052632","90",
,,"40","81.81818181818183","54.54545454545454","75","83.33333333333334",,"53.84615384615385","50","92.85714285714286","73.33333333333333",,"62.5","93.75","76.47058823529412",,,"72.22222222222221","73.68421052631578","89.47368421052632","90",
,,"40","81.81818181818183","54.54545454545454","75","83.33333333333334",,"53.84615384615385","50","92.85714285714286","73.33333333333333",,"62.5","93.75","76.47058823529412",,,"72.22222222222221","73.68421052631578","89.47368421052632","90",
,,"40","81.81818181818183","54.54545454545454","75","83.33333333333334",,"53.84615384615385","50","92.85714285714286","73.33333333333333",,"62.5","93.75","76.47058823529412",,,"72.22222222222221","73.68421052631578","89.47368421052632","90",
,,"40","81.81818181818183","54.54545454545454","75","83.33333333333334",,"53.84615384615385","50",,"73.33333333333333",,"62.5","93.75","76.47058823529412",,,"72.22222222222221","73.68421052631578","89.47368421052632","95",
,,"40","81.81818181818183","54.54545454545454","75","83.33333333333334",,"53.84615384615385","50",,"73.33333333333333",,"62.5","93.75","82.35294117647058",,,"72.22222222222221","73.68421052631578","89.47368421052632","95",
,,"40","81.81818181818183","54.54545454545454","75","83.33333333333334",,"53.84615384615385","50",,"73.33333333333333",,"62.5","93.75","82.35294117647058",,,"72.22222222222221","73.68421052631578","89.47368421052632","95",
,,"40","81.81818181818183","54.54545454545454","75","83.33333333333334",,"53.84615384615385","50",,"73.33333333333333",,"62.5","93.75","82.35294117647058",,,"72.22222222222221","73.68421052631578","89.47368421052632","95",
,,"40","81.81818181818183","54.54545454545454","75","83.33333333333334",,"53.84615384615385","50",,"73.33333333333333",,"62.5","93.75","82.35294117647058",,,"72.22222222222221","73.68421052631578","89.47368421052632","95",
,,"40","81.81818181818183","54.54545454545454","75","83.33333333333334",,"53.84615384615385","50",,"73.33333333333333",,"62.5","93.75","82.35294117647058",,,"72.22222222222221","73.68421052631578","89.47368421052632","95",
,,"40","81.81818181818183","54.54545454545454","75","83.33333333333334",,"53.84615384615385","50",,"80",,"62.5","93.75","82.35294117647058",,,"72.22222222222221","73.68421052631578","89.47368421052632","95",
,,"40","81.81818181818183","54.54545454545454","75","83.33333333333334",,"53.84615384615385","50",,"80",,"62.5","93.75","82.35294117647058",,,"72.22222222222221","73.68421052631578","89.47368421052632","95",
,,"40","81.81818181818183","54.54545454545454","75","83.33333333333334",,"53.84615384615385","50",,"80",,"62.5","93.75","82.35294117647058",,,"72.22222222222221","73.68421052631578","89.47368421052632","95",
,,"40","81.81818181818183","54.54545454545454","75","83.33333333333334",,"53.84615384615385","50",,"80",,"62.5","93.75","82.35294117647058",,,"72.22222222222221","73.68421052631578","89.47368421052632","95",
,,"40","81.81818181818183","54.54545454545454","75","83.33333333333334",,"53.84615384615385","50",,"80",,"62.5","93.75","82.35294117647058",,,"72.22222222222221","73.68421052631578","89.47368421052632","95",
,,"40","81.81818181818183","54.54545454545454","75","83.33333333333334",,"53.84615384615385","50",,"80",,"62.5","93.75","82.35294117647058",,,"72.22222222222221","73.68421052631578","89.47368421052632","95",
,,"40","81.81818181818183","54.54545454545454","75","83.33333333333334",,"53.84615384615385","50",,"80",,"62.5","93.75","82.35294117647058",,,"72.22222222222221","73.68421052631578","89.47368421052632","95",
,,"40","81.81818181818183","54.54545454545454","75","83.33333333333334",,"53.84615384615385","50",,"80",,"62.5","93.75","82.35294117647058",,,"72.22222222222221","73.68421052631578","89.47368421052632","95",
,,"40","81.81818181818183","54.54545454545454","75","83.33333333333334",,"53.84615384615385","50",,"80",,"62.5","93.75","82.35294117647058",,,"72.22222222222221","73.68421052631578","89.47368421052632","95",
,,"40","81.81818181818183","54.54545454545454","75","83.33333333333334",,"53.84615384615385","50",,"80",,"62.5","93.75","82.35294117647058",,,"72.22222222222221","73.68421052631578","89.47368421052632","95",
,,"40","81.81818181818183","54.54545454545454","75","83.33333333333334",,"53.84615384615385","50",,"80",,"62.5","93.75","82.35294117647058",,,"72.22222222222221","73.68421052631578","89.47368421052632","95",
,,"40","81.81818181818183","54.54545454545454","75","83.33333333333334",,"53.84615384615385","50",,"80",,"62.5","93.75","82.35294117647058",,,"72.22222222222221","73.68421052631578","89.47368421052632","95",
,,"40","81.81818181818183","54.54545454545454","75","83.33333333333334",,"53.84615384615385","50",,"80",,"62.5","93.75","82.35294117647058",,,"72.22222222222221","73.68421052631578","89.47368421052632","95",
,,"40","81.81818181818183","54.54545454545454","75","83.33333333333334",,"53.84615384615385","50",,"80",,"62.5","93.75","82.35294117647058",,,"72.22222222222221","73.68421052631578","89.47368421052632","95",
,,"40","81.81818181818183","54.54545454545454","75","83.33333333333334",,"53.84615384615385","50",,"80",,"62.5","93.75","82.35294117647058",,,"72.22222222222221","73.68421052631578","89.47368421052632","95",
,,"40","81.81818181818183","54.54545454545454","75","83.33333333333334",,"53.84615384615385","50",,"80",,"62.5","93.75","82.35294117647058",,,"72.22222222222221","73.68421052631578","89.47368421052632","95",
,,"40","81.81818181818183","54.54545454545454","75","83.33333333333334",,"53.84615384615385","50",,"80",,"62.5","93.75","82.35294117647058",,,"72.22222222222221","73.68421052631578","89.47368421052632","95",
,,"40","81.81818181818183","54.54545454545454","75","83.33333333333334",,"53.84615384615385","50",,"80",,"62.5","93.75","82.35294117647058",,,"72.22222222222221","73.68421052631578","89.47368421052632","95",
,,"40","81.81818181818183","54.54545454545454","75","83.33333333333334",,"53.84615384615385","50",,"80",,"62.5","93.75","82.35294117647058",,,"72.22222222222221","73.68421052631578","89.47368421052632","95",
,,"40","81.81818181818183","54.54545454545454","75","83.33333333333334",,"53.84615384615385","50",,"80",,"62.5","93.75","82.35294117647058",,,"72.22222222222221","73.68421052631578","89.47368421052632","95",
,,"40","81.81818181818183","54.54545454545454","75","83.33333333333334",,"53.84615384615385","50",,"86.66666666666667",,"62.5","93.75","82.35294117647058",,,"72.22222222222221","73.68421052631578","89.47368421052632","95",
,,"40","81.81818181818183","54.54545454545454","75","83.33333333333334",,"53.84615384615385","50",,"86.66666666666667",,"62.5","93.75","82.35294117647058",,,"72.22222222222221","73.68421052631578","89.47368421052632","95",
,,"40","81.81818181818183","54.54545454545454","75","83.33333333333334",,"53.84615384615385","50",,"86.66666666666667",,"62.5","93.75","82.35294117647058",,,"72.22222222222221","73.68421052631578","89.47368421052632","95",
,,"40","81.81818181818183","54.54545454545454","75","83.33333333333334",,"53.84615384615385","50",,"86.66666666666667",,"62.5","93.75","82.35294117647058",,,"72.22222222222221","73.68421052631578","89.47368421052632","95",
,,"40","81.81818181818183","54.54545454545454","75","83.33333333333334",,"53.84615384615385","50",,"86.66666666666667",,"62.5","93.75","82.35294117647058",,,"72.22222222222221","73.68421052631578","89.47368421052632","95",
,,"40","81.81818181818183","54.54545454545454","75","83.33333333333334",,"53.84615384615385","50",,"86.66666666666667",,"62.5","93.75",,,,"72.22222222222221","73.68421052631578","89.47368421052632","95",
,,"40","81.81818181818183","54.54545454545454","75","83.33333333333334",,"53.84615384615385","50",,"86.66666666666667",,"62.5","93.75",,,,"72.22222222222221","73.68421052631578","89.47368421052632","95",
,,"40","81.81818181818183","54.54545454545454","75","83.33333333333334",,"53.84615384615385","50",,"86.66666666666667",,"62.5","93.75",,,,"72.22222222222221","73.68421052631578","89.47368421052632","95",
,,"40","81.81818181818183","54.54545454545454","75","83.33333333333334",,"53.84615384615385","50",,"86.66666666666667",,"62.5","93.75",,,,"72.22222222222221","73.68421052631578","89.47368421052632","95",
,,"40","81.81818181818183","54.54545454545454","75","83.33333333333334",,"53.84615384615385","50",,"86.66666666666667",,"62.5","93.75",,,,"72.22222222222221","73.68421052631578","89.47368421052632","95",
,,"40",,"54.54545454545454","75","83.33333333333334",,"53.84615384615385","50",,"93.33333333333333",,"62.5","93.75",,,,"72.22222222222221","73.68421052631578","89.47368421052632","95",
,,"40",,"54.54545454545454","75","83.33333333333334",,"53.84615384615385","50",,"93.33333333333333",,"62.5","93.75",,,,"72.22222222222221","73.68421052631578","89.47368421052632","95",
,,"40",,"54.54545454545454","75","83.33333333333334",,"53.84615384615385","50",,"93.33333333333333",,"62.5","93.75",,,,"72.22222222222221","73.68421052631578","89.47368421052632","95",
,,"40",,"54.54545454545454","75","83.33333333333334",,"53.84615384615385","50",,"93.33333333333333",,"62.5","93.75",,,,"72.22222222222221","73.68421052631578","89.47368421052632","95",
,,"40",,"54.54545454545454","75","83.33333333333334",,"53.84615384615385","50",,"93.33333333333333",,"62.5","93.75",,,,"72.22222222222221","73.68421052631578","89.47368421052632","95",
,,"40",,"54.54545454545454","75","83.33333333333334",,"53.84615384615385","50",,"93.33333333333333",,"62.5","93.75",,,,"72.22222222222221","73.68421052631578","89.47368421052632","95",
,,"40",,"54.54545454545454","75","83.33333333333334",,"53.84615384615385","50",,"93.33333333333333",,"62.5","93.75",,,,"72.22222222222221","73.68421052631578","89.47368421052632","95",
,,"40",,"54.54545454545454","75","83.33333333333334",,"53.84615384615385","50",,"93.33333333333333",,"62.5","93.75",,,,"72.22222222222221","73.68421052631578","89.47368421052632","95",
,,"40",,"54.54545454545454","75","91.66666666666666",,"53.84615384615385","50",,"93.33333333333333",,"62.5","93.75",,,,"72.22222222222221","73.68421052631578","89.47368421052632","95",
,,"40",,"54.54545454545454","75","91.66666666666666",,"53.84615384615385","50",,"93.33333333333333",,"62.5","93.75",,,,"72.22222222222221","73.68421052631578","89.47368421052632","95",
,,"40",,"54.54545454545454","75","91.66666666666666",,"53.84615384615385","50",,"93.33333333333333",,"62.5","93.75",,,,"72.22222222222221","73.68421052631578","89.47368421052632","95",
,,"40",,"54.54545454545454","75","91.66666666666666",,"53.84615384615385","50",,"93.33333333333333",,"62.5","93.75",,,,"72.22222222222221","73.68421052631578",,"95",
,,"40",,"54.54545454545454","75","91.66666666666666",,"53.84615384615385","50",,"93.33333333333333",,"62.5","93.75",,,,"72.22222222222221","73.68421052631578",,"95",
,,"40",,"54.54545454545454","75","91.66666666666666",,"53.84615384615385","50",,"93.33333333333333",,"62.5","93.75",,,,"72.22222222222221","73.68421052631578",,"95",
,,"40",,"54.54545454545454","75","91.66666666666666",,"53.84615384615385","50",,"93.33333333333333",,"62.5","93.75",,,,"72.22222222222221","73.68421052631578",,"95",
,,"40",,"54.54545454545454","75","91.66666666666666",,"53.84615384615385","50",,"93.33333333333333",,"62.5","93.75",,,,"72.22222222222221","73.68421052631578",,"95",
,,"40",,"54.54545454545454","75","91.66666666666666",,"53.84615384615385","50",,"93.33333333333333",,"62.5","93.75",,,,"72.22222222222221","73.68421052631578",,"95",
,,"40",,"63.63636363636363","75","91.66666666666666",,"53.84615384615385","50",,"93.33333333333333",,"62.5","93.75",,,,"72.22222222222221","73.68421052631578",,"95",
,,"40",,"63.63636363636363","75","91.66666666666666",,"53.84615384615385","50",,"93.33333333333333",,"62.5","93.75",,,,"72.22222222222221","73.68421052631578",,"95",
,,"40",,"63.63636363636363","75","91.66666666666666",,"53.84615384615385","50",,"93.33333333333333",,"62.5","93.75",,,,"72.22222222222221","73.68421052631578",,"95",
,,"40",,"63.63636363636363","75","91.66666666666666",,"53.84615384615385","50",,"93.33333333333333",,"62.5","93.75",,,,"72.22222222222221","73.68421052631578",,"95",
,,"40",,"63.63636363636363","75","91.66666666666666",,"53.84615384615385","50",,"93.33333333333333",,"62.5","93.75",,,,"72.22222222222221","73.68421052631578",,"95",
,,"40",,"63.63636363636363","75","91.66666666666666",,"53.84615384615385","50",,"93.33333333333333",,"62.5","93.75",,,,"72.22222222222221","73.68421052631578",,"95",
,,"40",,"72.72727272727273","75","91.66666666666666",,"53.84615384615385","50",,"93.33333333333333",,"62.5","93.75",,,,"72.22222222222221","73.68421052631578",,"95",
,,"40",,"72.72727272727273","75","91.66666666666666",,"53.84615384615385","50",,"93.33333333333333",,"62.5","93.75",,,,"72.22222222222221","73.68421052631578",,"95",
,,"40",,"72.72727272727273","75","91.66666666666666",,"53.84615384615385","50",,"93.33333333333333",,"62.5","93.75",,,,"72.22222222222221","73.68421052631578",,"95",
,,"40",,"72.72727272727273","75","91.66666666666666",,"53.84615384615385","50",,"93.33333333333333",,"62.5","93.75",,,,"72.22222222222221","73.68421052631578",,"95",
,,"40",,"72.72727272727273","75","91.66666666666666",,"53.84615384615385","50",,"93.33333333333333",,"62.5","93.75",,,,"72.22222222222221","73.68421052631578",,"95",
,,"40",,"72.72727272727273","75","91.66666666666666",,"53.84615384615385","50",,"93.33333333333333",,"62.5","93.75",,,,"72.22222222222221","73.68421052631578",,"95",
,,"40",,"72.72727272727273","75","91.66666666666666",,"53.84615384615385","50",,"93.33333333333333",,"62.5","93.75",,,,"72.22222222222221","73.68421052631578",,"95",
,,"40",,"72.72727272727273","75","91.66666666666666",,"53.84615384615385","50",,"93.33333333333333",,"62.5","93.75",,,,"72.22222222222221","73.68421052631578",,"95",
,,"40",,"72.72727272727273","75","91.66666666666666",,"53.84615384615385","50",,"93.33333333333333",,"62.5","93.75",,,,"72.22222222222221","73.68421052631578",,"95",
,,"40",,"72.72727272727273","75","91.66666666666666",,"53.84615384615385","50",,"93.33333333333333",,"62.5","93.75",,,,"72.22222222222221","73.68421052631578",,"95",
,,"40",,"81.81818181818183","75","91.66666666666666",,"53.84615384615385","50",,"93.33333333333333",,"62.5","93.75",,,,"72.22222222222221","73.68421052631578",,"95",
,,"40",,"81.81818181818183","75","91.66666666666666",,"53.84615384615385","50",,,,"62.5","93.75",,,,"72.22222222222221","73.68421052631578",,"95",
,,"40",,"81.81818181818183","75","91.66666666666666",,"53.84615384615385","50",,,,"68.75","93.75",,,,"72.22222222222221","73.68421052631578",,"95",
,,"40",,"81.81818181818183","75","91.66666666666666",,"53.84615384615385","50",,,,"68.75","93.75",,,,"72.22222222222221","73.68421052631578",,"95",
,,"40",,"81.81818181818183","75","91.66666666666666",,"53.84615384615385","50",,,,"68.75","93.75",,,,"72.22222222222221","73.68421052631578",,"95",
,,"40",,"81.81818181818183","75","91.66666666666666",,"53.84615384615385","50",,,,"68.75","93.75",,,,"72.22222222222221","73.68421052631578",,"95",
,,"40",,"81.81818181818183","75","91.66666666666666",,"53.84615384615385","50",,,,"68.75","93.75",,,,"72.22222222222221","73.68421052631578",,"95",
,,"40",,"81.81818181818183","75","91.66666666666666",,"53.84615384615385","50",,,,"68.75","93.75",,,,"72.22222222222221","73.68421052631578",,"95",
,,"40",,"81.81818181818183","75","91.66666666666666",,"53.84615384615385","50",,,,"68.75","93.75",,,,"72.22222222222221","73.68421052631578",,"95",
,,"40",,"81.81818181818183","75",,,"53.84615384615385","50",,,,"68.75","93.75",,,,"72.22222222222221","73.68421052631578",,"95",
,,"40",,"81.81818181818183","75",,,"53.84615384615385","50",,,,"68.75","93.75",,,,"72.22222222222221","73.68421052631578",,"95",
,,"40",,"81.81818181818183","75",,,"53.84615384615385","50",,,,"68.75","93.75",,,,"72.22222222222221","73.68421052631578",,"95",
,,"40",,"81.81818181818183","75",,,"53.84615384615385","50",,,,"68.75","93.75",,,,"72.22222222222221","73.68421052631578",,"95",
,,"40",,"81.81818181818183","75",,,"53.84615384615385","50",,,,"68.75","93.75",,,,"72.22222222222221","73.68421052631578",,"95",
,,"40",,"81.81818181818183","75",,,"53.84615384615385","50",,,,"68.75","93.75",,,,"72.22222222222221","73.68421052631578",,"95",
,,"40",,"81.81818181818183","75",,,"53.84615384615385","50",,,,"68.75","93.75",,,,"72.22222222222221","73.68421052631578",,"95",
,,"40",,"81.81818181818183","75",,,"53.84615384615385","50",,,,"68.75","93.75",,,,"72.22222222222221","73.68421052631578",,"95",
,,"40",,"81.81818181818183","75",,,"53.84615384615385","50",,,,"68.75","93.75",,,,"72.22222222222221","73.68421052631578",,"95",
,,"40",,"81.81818181818183","75",,,"53.84615384615385","50",,,,"68.75","93.75",,,,"72.22222222222221","73.68421052631578",,"95",
,,"40",,"81.81818181818183","75",,,"53.84615384615385","50",,,,"68.75","93.75",,,,"72.22222222222221","73.68421052631578",,"95",
,,"40",,"81.81818181818183","75",,,"53.84615384615385","50",,,,"68.75","93.75",,,,"72.22222222222221","73.68421052631578",,"95",
,,"40",,"81.81818181818183","75",,,"53.84615384615385","50",,,,"68.75","93.75",,,,"72.22222222222221","73.68421052631578",,"95",
,,"40",,"81.81818181818183","75",,,"53.84615384615385","50",,,,"68.75","93.75",,,,"72.22222222222221","73.68421052631578",,"95",
,,"40",,"81.81818181818183","75",,,"53.84615384615385","50",,,,"68.75","93.75",,,,"72.22222222222221","73.68421052631578",,"95",
,,"40",,"81.81818181818183","75",,,"53.84615384615385","50",,,,"68.75","93.75",,,,"72.22222222222221","73.68421052631578",,"95",
,,"40",,"81.81818181818183","75",,,"53.84615384615385","50",,,,"68.75","93.75",,,,"72.22222222222221","73.68421052631578",,"95",
,,"40",,"81.81818181818183","75",,,"53.84615384615385","50",,,,"68.75","93.75",,,,"72.22222222222221","73.68421052631578",,"95",
,,"40",,"81.81818181818183","75",,,"53.84615384615385","50",,,,"68.75","93.75",,,,"72.22222222222221","73.68421052631578",,"95",
,,"40",,"81.81818181818183","75",,,"53.84615384615385","50",,,,"68.75","93.75",,,,"72.22222222222221","73.68421052631578",,"95",
,,"40",,"81.81818181818183","75",,,"53.84615384615385","50",,,,"68.75","93.75",,,,"72.22222222222221","73.68421052631578",,"95",
,,"40",,"81.81818181818183","75",,,"53.84615384615385","50",,,,"68.75","93.75",,,,"72.22222222222221","73.68421052631578",,"95",
,,"40",,"81.81818181818183","75",,,"61.53846153846154","50",,,,"68.75","93.75",,,,"72.22222222222221","73.68421052631578",,"95",
,,"40",,"81.81818181818183","75",,,"61.53846153846154","50",,,,"68.75","93.75",,,,"72.22222222222221","73.68421052631578",,"95",
,,"40",,"81.81818181818183","75",,,"61.53846153846154","50",,,,"68.75","93.75",,,,"77.77777777777779","73.68421052631578",,"95",
,,"40",,"81.81818181818183","75",,,"61.53846153846154","50",,,,"68.75","93.75",,,,"77.77777777777779","73.68421052631578",,"95",
,,"50",,"81.81818181818183","75",,,"61.53846153846154","50",,,,"68.75","93.75",,,,"77.77777777777779","73.68421052631578",,"95",
,,,,"81.81818181818183","75",,,"61.53846153846154","50",,,,"68.75","93.75",,,,"77.77777777777779","73.68421052631578",,"95",
,,,,"81.81818181818183","75",,,"61.53846153846154","50",,,,"68.75","93.75",,,,"77.77777777777779","73.68421052631578",,"95",
,,,,"81.81818181818183","75",,,"61.53846153846154","57.14285714285714",,,,"68.75","93.75",,,,"77.77777777777779","73.68421052631578",,"95",
,,,,"81.81818181818183","75",,,"61.53846153846154","57.14285714285714",,,,"68.75","93.75",,,,"77.77777777777779","73.68421052631578",,"95",
,,,,"81.81818181818183","75",,,"61.53846153846154","57.14285714285714",,,,"75","93.75",,,,"77.77777777777779","73.68421052631578",,"95",
,,,,"81.81818181818183","75",,,"69.23076923076923","57.14285714285714",,,,"75","93.75",,,,"77.77777777777779","73.68421052631578",,"95",
,,,,"81.81818181818183","75",,,"69.23076923076923","57.14285714285714",,,,"75","93.75",,,,"77.77777777777779","73.68421052631578",,"95",
,,,,"81.81818181818183","75",,,"69.23076923076923","57.14285714285714",,,,"75","93.75",,,,"77.77777777777779","73.68421052631578",,"95",
,,,,"81.81818181818183","75",,,"69.23076923076923","57.14285714285714",,,,"75","93.75",,,,"77.77777777777779","73.68421052631578",,"95",
,,,,"81.81818181818183","75",,,"69.23076923076923","57.14285714285714",,,,"75","93.75",,,,"77.77777777777779","73.68421052631578",,"95",
,,,,"81.81818181818183","75",,,"69.23076923076923","57.14285714285714",,,,"75","93.75",,,,"83.33333333333334","73.68421052631578",,"95",
,,,,"81.81818181818183","75",,,"69.23076923076923","57.14285714285714",,,,"75","93.75",,,,"83.33333333333334","73.68421052631578",,"95",
,,,,"81.81818181818183","75",,,"69.23076923076923","57.14285714285714",,,,"75","93.75",,,,"83.33333333333334","73.68421052631578",,"95",
,,,,"81.81818181818183","75",,,"69.23076923076923","57.14285714285714",,,,"75","93.75",,,,"83.33333333333334","73.68421052631578",,"95",
,,,,"81.81818181818183","75",,,"69.23076923076923","57.14285714285714",,,,,"93.75",,,,"83.33333333333334","73.68421052631578",,"95",
,,,,"81.81818181818183","75",,,"69.23076923076923","57.14285714285714",,,,,"93.75",,,,"83.33333333333334","73.68421052631578",,"95",
,,,,"81.81818181818183","75",,,"69.23076923076923","57.14285714285714",,,,,"93.75",,,,"83.33333333333334","73.68421052631578",,"95",
,,,,"81.81818181818183","75",,,"69.23076923076923","57.14285714285714",,,,,"93.75",,,,"83.33333333333334","73.68421052631578",,"95",
,,,,"81.81818181818183","75",,,"69.23076923076923","57.14285714285714",,,,,"93.75",,,,"88.88888888888889","73.68421052631578",,"95",
,,,,"81.81818181818183","75",,,"69.23076923076923","57.14285714285714",,,,,"93.75",,,,"88.88888888888889","73.68421052631578",,"95",
,,,,"81.81818181818183","75",,,"69.23076923076923","57.14285714285714",,,,,"93.75",,,,"88.88888888888889","73.68421052631578",,"95",
,,,,"81.81818181818183","75",,,"69.23076923076923","57.14285714285714",,,,,"93.75",,,,"88.88888888888889","73.68421052631578",,"95",
,,,,"81.81818181818183","75",,,"69.23076923076923","57.14285714285714",,,,,"93.75",,,,"88.88888888888889","73.68421052631578",,"95",
,,,,"81.81818181818183","75",,,"69.23076923076923","57.14285714285714",,,,,"93.75",,,,"88.88888888888889","73.68421052631578",,"95",
,,,,"81.81818181818183","83.33333333333334",,,"69.23076923076923","57.14285714285714",,,,,"93.75",,,,"88.88888888888889","73.68421052631578",,"95",
,,,,"81.81818181818183","83.33333333333334",,,"69.23076923076923","57.14285714285714",,,,,"93.75",,,,"88.88888888888889","73.68421052631578",,"95",
,,,,"81.81818181818183","83.33333333333334",,,"69.23076923076923","57.14285714285714",,,,,"93.75",,,,"88.88888888888889","73.68421052631578",,"95",
,,,,"81.81818181818183","83.33333333333334",,,"69.23076923076923","57.14285714285714",,,,,"93.75",,,,"88.88888888888889","73.68421052631578",,"95",
,,,,"81.81818181818183","83.33333333333334",,,"69.23076923076923","57.14285714285714",,,,,"93.75",,,,"88.88888888888889","73.68421052631578",,"95",
,,,,"81.81818181818183","83.33333333333334",,,"69.23076923076923","57.14285714285714",,,,,"93.75",,,,"88.88888888888889","73.68421052631578",,"95",
,,,,"81.81818181818183","83.33333333333334",,,"69.23076923076923","57.14285714285714",,,,,"93.75",,,,,"73.68421052631578",,"95",
,,,,"81.81818181818183","83.33333333333334",,,"69.23076923076923","57.14285714285714",,,,,"93.75",,,,,"73.68421052631578",,"95",
,,,,"81.81818181818183","83.33333333333334",,,"69.23076923076923","57.14285714285714",,,,,"93.75",,,,,"73.68421052631578",,"95",
,,,,"81.81818181818183","83.33333333333334",,,"69.23076923076923","57.14285714285714",,,,,"93.75",,,,,"73.68421052631578",,"95",
,,,,"81.81818181818183","83.33333333333334",,,"69.23076923076923","57.14285714285714",,,,,"93.75",,,,,"73.68421052631578",,"95",
,,,,"81.81818181818183","83.33333333333334",,,"69.23076923076923","57.14285714285714",,,,,"93.75",,,,,"73.68421052631578",,"95",
,,,,"81.81818181818183","83.33333333333334",,,"69.23076923076923","57.14285714285714",,,,,"93.75",,,,,"73.68421052631578",,"95",
,,,,"81.81818181818183","83.33333333333334",,,"69.23076923076923","57.14285714285714",,,,,"93.75",,,,,"73.68421052631578",,"95",
,,,,"81.81818181818183","83.33333333333334",,,"69.23076923076923","57.14285714285714",,,,,"93.75",,,,,"73.68421052631578",,"95",
,,,,"81.81818181818183","83.33333333333334",,,"69.23076923076923","57.14285714285714",,,,,"93.75",,,,,"73.68421052631578",,"95",
,,,,"81.81818181818183","83.33333333333334",,,"69.23076923076923","57.14285714285714",,,,,"93.75",,,,,"73.68421052631578",,"95",
,,,,"81.81818181818183","83.33333333333334",,,"69.23076923076923","57.14285714285714",,,,,"93.75",,,,,"73.68421052631578",,"95",
,,,,"81.81818181818183","83.33333333333334",,,"69.23076923076923","57.14285714285714",,,,,"93.75",,,,,"73.68421052631578",,"95",
,,,,"81.81818181818183","83.33333333333334",,,"69.23076923076923","57.14285714285714",,,,,"93.75",,,,,"73.68421052631578",,"95",
,,,,"81.81818181818183","83.33333333333334",,,"69.23076923076923","57.14285714285714",,,,,"93.75",,,,,"73.68421052631578",,"95",
,,,,"81.81818181818183","83.33333333333334",,,"69.23076923076923","57.14285714285714",,,,,"93.75",,,,,"73.68421052631578",,,
,,,,"81.81818181818183","83.33333333333334",,,"69.23076923076923","57.14285714285714",,,,,"93.75",,,,,"73.68421052631578",,,
,,,,"81.81818181818183","83.33333333333334",,,"69.23076923076923","57.14285714285714",,,,,"93.75",,,,,"73.68421052631578",,,
,,,,"81.81818181818183","83.33333333333334",,,"69.23076923076923","57.14285714285714",,,,,"93.75",,,,,"73.68421052631578",,,
,,,,"81.81818181818183","83.33333333333334",,,"69.23076923076923","57.14285714285714",,,,,"93.75",,,,,"73.68421052631578",,,
,,,,"81.81818181818183","83.33333333333334",,,"76.92307692307693","57.14285714285714",,,,,"93.75",,,,,"73.68421052631578",,,
,,,,"81.81818181818183","83.33333333333334",,,"76.92307692307693","57.14285714285714",,,,,"93.75",,,,,"73.68421052631578",,,
,,,,"81.81818181818183","83.33333333333334",,,"76.92307692307693","57.14285714285714",,,,,"93.75",,,,,"73.68421052631578",,,
,,,,"81.81818181818183","83.33333333333334",,,"76.92307692307693","57.14285714285714",,,,,"93.75",,,,,"73.68421052631578",,,
,,,,"81.81818181818183","83.33333333333334",,,,"57.14285714285714",,,,,"93.75",,,,,"73.68421052631578",,,
,,,,"81.81818181818183","83.33333333333334",,,,"57.14285714285714",,,,,"93.75",,,,,"73.68421052631578",,,
,,,,"81.81818181818183","83.33333333333334",,,,"57.14285714285714",,,,,"93.75",,,,,"73.68421052631578",,,
,,,,"81.81818181818183","83.33333333333334",,,,"57.14285714285714",,,,,"93.75",,,,,"73.68421052631578",,,
,,,,"81.81818181818183","83.33333333333334",,,,"57.14285714285714",,,,,"93.75",,,,,"73.68421052631578",,,
,,,,"81.81818181818183","83.33333333333334",,,,"57.14285714285714",,,,,"93.75",,,,,"73.68421052631578",,,
,,,,"81.81818181818183","83.33333333333334",,,,"57.14285714285714",,,,,"93.75",,,,,"73.68421052631578",,,
,,,,"81.81818181818183","83.33333333333334",,,,"57.14285714285714",,,,,"93.75",,,,,"73.68421052631578",,,
,,,,"81.81818181818183","83.33333333333334",,,,"57.14285714285714",,,,,"93.75",,,,,"73.68421052631578",,,
,,,,"81.81818181818183","83.33333333333334",,,,"57.14285714285714",,,,,"93.75",,,,,"73.68421052631578",,,
,,,,"81.81818181818183","83.33333333333334",,,,"57.14285714285714",,,,,"93.75",,,,,"73.68421052631578",,,
,,,,"81.81818181818183","83.33333333333334",,,,"57.14285714285714",,,,,"93.75",,,,,"73.68421052631578",,,
,,,,"81.81818181818183","83.33333333333334",,,,"57.14285714285714",,,,,"93.75",,,,,"73.68421052631578",,,
,,,,"81.81818181818183","83.33333333333334",,,,"57.14285714285714",,,,,"93.75",,,,,"73.68421052631578",,,
,,,,"81.81818181818183","83.33333333333334",,,,"57.14285714285714",,,,,"93.75",,,,,"73.68421052631578",,,
,,,,"81.81818181818183","83.33333333333334",,,,"57.14285714285714",,,,,"93.75",,,,,"73.68421052631578",,,
,,,,"81.81818181818183","83.33333333333334",,,,"57.14285714285714",,,,,"93.75",,,,,"73.68421052631578",,,
,,,,"81.81818181818183","83.33333333333334",,,,"57.14285714285714",,,,,"93.75",,,,,"73.68421052631578",,,
,,,,"81.81818181818183","83.33333333333334",,,,"57.14285714285714",,,,,"93.75",,,,,"73.68421052631578",,,
,,,,"81.81818181818183","83.33333333333334",,,,"57.14285714285714",,,,,"93.75",,,,,"73.68421052631578",,,
,,,,"81.81818181818183","83.33333333333334",,,,"57.14285714285714",,,,,"93.75",,,,,"73.68421052631578",,,
,,,,"81.81818181818183","83.33333333333334",,,,"57.14285714285714",,,,,"93.75",,,,,"73.68421052631578",,,
,,,,"81.81818181818183","83.33333333333334",,,,"57.14285714285714",,,,,"93.75",,,,,"73.68421052631578",,,
,,,,"81.81818181818183","83.33333333333334",,,,"57.14285714285714",,,,,"93.75",,,,,"73.68421052631578",,,
,,,,,"83.33333333333334",,,,"57.14285714285714",,,,,"93.75",,,,,"73.68421052631578",,,
,,,,,"83.33333333333334",,,,"57.14285714285714",,,,,"93.75",,,,,"73.68421052631578",,,
,,,,,"83.33333333333334",,,,"57.14285714285714",,,,,"93.75",,,,,"73.68421052631578",,,
,,,,,"83.33333333333334",,,,"57.14285714285714",,,,,"93.75",,,,,"73.68421052631578",,,
,,,,,"83.33333333333334",,,,"57.14285714285714",,,,,"93.75",,,,,"73.68421052631578",,,
,,,,,"83.33333333333334",,,,"57.14285714285714",,,,,,,,,,"73.68421052631578",,,
,,,,,"83.33333333333334",,,,"57.14285714285714",,,,,,,,,,"73.68421052631578",,,
,,,,,"83.33333333333334",,,,"57.14285714285714",,,,,,,,,,"73.68421052631578",,,
,,,,,"83.33333333333334",,,,"57.14285714285714",,,,,,,,,,"73.68421052631578",,,
,,,,,"83.33333333333334",,,,"57.14285714285714",,,,,,,,,,"73.68421052631578",,,
,,,,,"83.33333333333334",,,,"57.14285714285714",,,,,,,,,,"73.68421052631578",,,
,,,,,"83.33333333333334",,,,"57.14285714285714",,,,,,,,,,"73.68421052631578",,,
,,,,,"83.33333333333334",,,,"57.14285714285714",,,,,,,,,,"73.68421052631578",,,
,,,,,"83.33333333333334",,,,"57.14285714285714",,,,,,,,,,"73.68421052631578",,,
,,,,,"83.33333333333334",,,,"57.14285714285714",,,,,,,,,,"73.68421052631578",,,
,,,,,"83.33333333333334",,,,"57.14285714285714",,,,,,,,,,"73.68421052631578",,,
,,,,,"83.33333333333334",,,,"57.14285714285714",,,,,,,,,,"73.68421052631578",,,
,,,,,"83.33333333333334",,,,"57.14285714285714",,,,,,,,,,"73.68421052631578",,,
,,,,,"83.33333333333334",,,,"57.14285714285714",,,,,,,,,,"73.68421052631578",,,
,,,,,"83.33333333333334",,,,"57.14285714285714",,,,,,,,,,"73.68421052631578",,,
,,,,,"83.33333333333334",,,,"57.14285714285714",,,,,,,,,,"78.94736842105263",,,
,,,,,"83.33333333333334",,,,"57.14285714285714",,,,,,,,,,"78.94736842105263",,,
,,,,,"83.33333333333334",,,,"57.14285714285714",,,,,,,,,,"78.94736842105263",,,
,,,,,"83.33333333333334",,,,"57.14285714285714",,,,,,,,,,"78.94736842105263",,,
,,,,,"83.33333333333334",,,,"57.14285714285714",,,,,,,,,,"78.94736842105263",,,
,,,,,"83.33333333333334",,,,"57.14285714285714",,,,,,,,,,"78.94736842105263",,,
,,,,,"83.33333333333334",,,,"57.14285714285714",,,,,,,,,,"78.94736842105263",,,
,,,,,"83.33333333333334",,,,"57.14285714285714",,,,,,,,,,"78.94736842105263",,,
,,,,,"83.33333333333334",,,,"57.14285714285714",,,,,,,,,,"78.94736842105263",,,
,,,,,"83.33333333333334",,,,"57.14285714285714",,,,,,,,,,"78.94736842105263",,,
,,,,,"83.33333333333334",,,,"57.14285714285714",,,,,,,,,,"89.47368421052632",,,
,,,,,"83.33333333333334",,,,"57.14285714285714",,,,,,,,,,"89.47368421052632",,,
,,,,,"83.33333333333334",,,,"57.14285714285714",,,,,,,,,,"89.47368421052632",,,
,,,,,"83.33333333333334",,,,"57.14285714285714",,,,,,,,,,"89.47368421052632",,,
,,,,,"83.33333333333334",,,,"57.14285714285714",,,,,,,,,,"89.47368421052632",,,
,,,,,"83.33333333333334",,,,"57.14285714285714",,,,,,,,,,"89.47368421052632",,,
,,,,,"83.33333333333334",,,,"57.14285714285714",,,,,,,,,,,,,
,,,,,"83.33333333333334",,,,,,,,,,,,,,,,,
,,,,,"83.33333333333334",,,,,,,,,,,,,,,,,
,,,,,"83.33333333333334",,,,,,,,,,,,,,,,,
,,,,,"83.33333333333334",,,,,,,,,,,,,,,,,
,,,,,"83.33333333333334",,,,,,,,,,,,,,,,,
,,,,,"83.33333333333334",,,,,,,,,,,,,,,,,
,,,,,"83.33333333333334",,,,,,,,,,,,,,,,,
,,,,,"83.33333333333334",,,,,,,,,,,,,,,,,
,,,,,"83.33333333333334",,,,,,,,,,,,,,,,,
,,,,,"83.33333333333334",,,,,,,,,,,,,,,,,
,,,,,"83.33333333333334",,,,,,,,,,,,,,,,,
,,,,,"83.33333333333334",,,,,,,,,,,,,,,,,
,,,,,"83.33333333333334",,,,,,,,,,,,,,,,,
,,,,,"83.33333333333334",,,,,,,,,,,,,,,,,
,,,,,"83.33333333333334",,,,,,,,,,,,,,,,,
,,,,,"83.33333333333334",,,,,,,,,,,,,,,,,
,,,,,"83.33333333333334",,,,,,,,,,,,,,,,,
,,,,,"83.33333333333334",,,,,,,,,,,,,,,,,
,,,,,"83.33333333333334",,,,,,,,,,,,,,,,,
,,,,,"83.33333333333334",,,,,,,,,,,,,,,,,
,,,,,"83.33333333333334",,,,,,,,,,,,,,,,,
,,,,,"83.33333333333334",,,,,,,,,,,,,,,,,
,,,,,"83.33333333333334",,,,,,,,,,,,,,,,,
,,,,,"83.33333333333334",,,,,,,,,,,,,,,,,
,,,,,"83.33333333333334",,,,,,,,,,,,,,,,,
,,,,,"83.33333333333334",,,,,,,,,,,,,,,,,
,,,,,"83.33333333333334",,,,,,,,,,,,,,,,,
,,,,,"83.33333333333334",,,,,,,,,,,,,,,,,
,,,,,"83.33333333333334",,,,,,,,,,,,,,,,,
,,,,,"83.33333333333334",,,,,,,,,,,,,,,,,
,,,,,"83.33333333333334",,,,,,,,,,,,,,,,,
,,,,,"83.33333333333334",,,,,,,,,,,,,,,,,
,,,,,"83.33333333333334",,,,,,,,,,,,,,,,,
,,,,,"83.33333333333334",,,,,,,,,,,,,,,,,
